Date,Visitor,Home,V_Score,H_Score,Predicted_Spread,Market_Spread,Spread_Edge,Predicted_Total,Market_Total,Total_Edge,Bet_Signals
2025-12-30,Vermont,Princeton,62.3,67.1,4.8,-3.5,1.3,129.8,137.5,7.7,TOTAL UNDER 137.5 (5.0%)
2025-12-30,Ohio,Central Michigan,75.0,81.6,6.6,5.5,12.1,154.9,149.5,5.4,TOTAL OVER 149.5 (5.0%); SPREAD Central Michigan +5.5 (5.0%)
2025-12-30,Southeastern Louisiana,Incarnate Word,72.7,73.3,0.6,-8.5,7.9,142.3,139.5,2.8,SPREAD Southeastern Louisiana +8.5 (0.0%)
2025-12-30,Wyoming,Air Force,63.7,62.4,-1.2,12.5,11.3,126.3,144.5,18.2,TOTAL UNDER 144.5 (5.0%); SPREAD Air Force +12.5 (0.0%)
2025-12-30,Howard,Northwestern,68.0,97.4,29.4,-20.5,8.9,149.2,145.5,3.7,TOTAL OVER 145.5 (5.0%); SPREAD Northwestern -20.5 (5.0%)
2025-12-30,Albany,South Carolina,64.8,79.3,14.5,-19.5,5.0,143.9,147.5,3.6,TOTAL UNDER 147.5 (5.0%); SPREAD Albany +19.5 (0.0%)
2025-12-30,East Tennessee St.,The Citadel,73.4,60.1,-13.3,12.5,0.8,133.3,145.5,12.2,TOTAL UNDER 145.5 (5.0%)
2025-12-30,Western Michigan,Toledo,80.1,83.8,3.7,-10.5,6.8,151.2,165.5,14.3,TOTAL UNDER 165.5 (5.0%); SPREAD Western Michigan +10.5 (0.0%)
2025-12-30,Duquesne,Davidson,74.1,67.7,-6.4,-3.5,9.9,141.0,152.5,11.5,TOTAL UNDER 152.5 (5.0%); SPREAD Duquesne +3.5 (5.0%)
2025-12-30,Florida State,North Carolina,77.9,82.8,4.9,-14.5,9.6,160.5,161.5,1.0,SPREAD Florida State +14.5 (0.0%)
2025-12-30,Milwaukee,Wisconsin,73.5,83.6,10.1,-21.5,11.4,152.8,156.5,3.7,TOTAL UNDER 156.5 (0.0%); SPREAD Milwaukee +21.5 (0.0%)
2025-12-30,Pittsburgh,Miami FL,85.3,74.8,-10.5,-10.5,21.0,146.6,146.5,0.1,SPREAD Pittsburgh +10.5 (5.0%)
2025-12-30,Seton Hall,Marquette,64.8,76.6,11.8,-2.5,9.3,141.9,141.5,0.4,SPREAD Marquette -2.5 (5.0%)
2025-12-30,Temple,Charlotte,77.1,72.7,-4.3,-1.5,5.8,146.0,143.5,2.5,SPREAD Temple +1.5 (5.0%)
2025-12-30,UMass,Eastern Michigan,78.3,79.9,1.6,1.5,3.1,151.2,147.5,3.7,TOTAL OVER 147.5 (5.0%); SPREAD Eastern Michigan +1.5 (4.0%)
2025-12-30,South Carolina St.,Tennessee,61.5,88.9,27.4,-45.5,18.1,141.9,146.5,4.6,TOTAL UNDER 146.5 (0.0%); SPREAD South Carolina St. +45.5 (0.0%)
2025-12-30,Tennessee St.,Tennessee Tech,77.4,67.0,-10.4,-3.5,13.9,144.4,152.5,8.1,TOTAL UNDER 152.5 (5.0%); SPREAD Tennessee St. +3.5 (5.0%)
2025-12-30,Louisville,California,84.1,73.5,-10.5,7.5,3.0,152.6,159.5,6.9,TOTAL UNDER 159.5 (5.0%); SPREAD Louisville -7.5 (5.0%)
2025-12-30,Butler,Creighton,67.6,78.3,10.7,-5.5,5.2,146.1,153.5,7.4,TOTAL UNDER 153.5 (5.0%); SPREAD Creighton -5.5 (5.0%)
2025-12-30,Nevada,Colorado St.,63.9,74.0,10.1,3.5,13.6,137.8,145.5,7.7,TOTAL UNDER 145.5 (5.0%); SPREAD Colorado St. +3.5 (5.0%)
2025-12-30,New Hampshire,Nebraska,56.2,96.9,40.7,-31.5,9.2,149.4,144.5,4.9,TOTAL OVER 144.5 (5.0%); SPREAD Nebraska -31.5 (5.0%)
2025-12-30,Notre Dame,Stanford,68.6,74.1,5.5,-5.5,0.0,140.5,145.5,5.0,TOTAL UNDER 145.5 (5.0%)
2025-12-30,Saint Mary's,Pepperdine,87.5,60.2,-27.3,19.5,7.8,137.2,141.5,4.3,TOTAL UNDER 141.5 (0.0%); SPREAD Saint Mary's -19.5 (5.0%)
2025-12-30,Utah St.,Fresno St.,88.7,74.4,-14.3,13.5,0.8,156.0,152.5,3.5,TOTAL OVER 152.5 (5.0%)
2025-12-30,Gonzaga,San Diego,110.7,74.7,-35.9,29.5,6.4,163.9,162.5,1.4,SPREAD Gonzaga -29.5 (5.0%)
2025-12-30,Pacific,Loyola Marymount,65.7,71.5,5.8,-5.5,0.3,137.3,137.5,0.2,
2025-12-30,San Diego St.,San Jose St.,73.6,64.0,-9.6,10.5,0.9,137.9,143.5,5.6,TOTAL UNDER 143.5 (5.0%)
2025-12-30,San Francisco,Oregon St.,73.2,73.2,0.0,4.5,4.5,142.0,143.5,1.5,SPREAD Oregon St. +4.5 (0.0%)
2025-12-30,Santa Clara,Portland,87.2,73.0,-14.2,13.5,0.7,154.5,156.5,2.0,
2025-12-30,Washington St.,Seattle,75.7,75.5,-0.3,4.5,4.2,151.1,142.5,8.6,TOTAL OVER 142.5 (5.0%); SPREAD Seattle +4.5 (0.0%)
2025-12-30,New Mexico,Boise St.,77.2,75.2,-2.0,-5.5,7.5,149.5,147.5,2.0,SPREAD New Mexico +5.5 (5.0%)
2025-12-30,Vermont,Princeton,61.7,67.2,5.5,-3.5,2.0,129.0,137.5,8.5,TOTAL UNDER 137.5 (5.0%); SPREAD Princeton -3.5 (5.0%)
2025-12-30,Ohio,Central Michigan,75.0,81.7,6.7,5.5,12.2,154.9,149.5,5.4,TOTAL OVER 149.5 (5.0%); SPREAD Central Michigan +5.5 (5.0%)
2025-12-30,Southeastern Louisiana,Incarnate Word,72.4,73.2,0.8,-8.5,7.7,142.3,139.5,2.8,SPREAD Southeastern Louisiana +8.5 (0.0%)
2025-12-30,Wyoming,Air Force,63.6,62.8,-0.8,12.5,11.7,126.2,144.5,18.3,TOTAL UNDER 144.5 (5.0%); SPREAD Air Force +12.5 (0.0%)
2025-12-30,Howard,Northwestern,68.5,97.6,29.1,-20.5,8.6,149.2,145.5,3.7,TOTAL OVER 145.5 (5.0%); SPREAD Northwestern -20.5 (5.0%)
2025-12-30,Albany,South Carolina,64.9,79.1,14.1,-19.5,5.4,144.7,147.5,2.8,SPREAD Albany +19.5 (0.0%)
2025-12-30,East Tennessee St.,The Citadel,73.4,60.1,-13.2,12.5,0.7,133.9,145.5,11.6,TOTAL UNDER 145.5 (5.0%)
2025-12-30,Western Michigan,Toledo,80.6,83.9,3.3,-10.5,7.2,151.2,165.5,14.3,TOTAL UNDER 165.5 (5.0%); SPREAD Western Michigan +10.5 (0.0%)
2025-12-30,Duquesne,Davidson,73.9,67.6,-6.3,-3.5,9.8,141.0,152.5,11.5,TOTAL UNDER 152.5 (5.0%); SPREAD Duquesne +3.5 (5.0%)
2025-12-30,Florida State,North Carolina,77.7,82.8,5.1,-14.5,9.4,160.2,161.5,1.3,SPREAD Florida State +14.5 (0.0%)
2025-12-30,Miami OH,Bowling Green,80.2,72.1,-8.1,-5.5,13.6,152.2,154.5,2.3,SPREAD Miami OH +5.5 (5.0%)
2025-12-30,Milwaukee,Wisconsin,73.2,83.6,10.4,-21.5,11.1,152.8,156.5,3.7,TOTAL UNDER 156.5 (0.0%); SPREAD Milwaukee +21.5 (0.0%)
2025-12-30,Pittsburgh,Miami FL,85.3,74.8,-10.5,-10.5,21.0,146.6,146.5,0.1,SPREAD Pittsburgh +10.5 (5.0%)
2025-12-30,Seton Hall,Marquette,64.5,76.8,12.3,-2.5,9.8,141.5,141.5,0.0,SPREAD Marquette -2.5 (5.0%)
2025-12-30,Temple,Charlotte,77.3,72.7,-4.6,-1.5,6.1,146.0,143.5,2.5,SPREAD Temple +1.5 (5.0%)
2025-12-30,UMass,Eastern Michigan,78.3,79.7,1.4,1.5,2.9,151.2,147.5,3.7,TOTAL OVER 147.5 (5.0%); SPREAD Eastern Michigan +1.5 (3.8%)
2025-12-30,South Carolina St.,Tennessee,61.6,89.4,27.8,-45.5,17.7,141.9,146.5,4.6,TOTAL UNDER 146.5 (0.0%); SPREAD South Carolina St. +45.5 (0.0%)
2025-12-30,Tennessee St.,Tennessee Tech,77.4,67.1,-10.4,-3.5,13.9,144.5,152.5,8.0,TOTAL UNDER 152.5 (5.0%); SPREAD Tennessee St. +3.5 (5.0%)
2025-12-30,Louisville,California,84.2,73.4,-10.8,7.5,3.3,152.6,159.5,6.9,TOTAL UNDER 159.5 (5.0%); SPREAD Louisville -7.5 (5.0%)
2025-12-30,Butler,Creighton,67.9,78.6,10.7,-5.5,5.2,146.1,153.5,7.4,TOTAL UNDER 153.5 (5.0%); SPREAD Creighton -5.5 (5.0%)
2025-12-30,Nevada,Colorado St.,64.1,74.1,10.0,3.5,13.5,137.8,145.5,7.7,TOTAL UNDER 145.5 (5.0%); SPREAD Colorado St. +3.5 (5.0%)
2025-12-30,New Hampshire,Nebraska,55.6,96.7,41.1,-31.5,9.6,149.4,144.5,4.9,TOTAL OVER 144.5 (5.0%); SPREAD Nebraska -31.5 (5.0%)
2025-12-30,Notre Dame,Stanford,68.4,74.4,6.0,-5.5,0.5,140.5,145.5,5.0,TOTAL UNDER 145.5 (5.0%)
2025-12-30,Saint Mary's,Pepperdine,87.3,60.4,-27.0,19.5,7.5,137.2,141.5,4.3,TOTAL UNDER 141.5 (0.0%); SPREAD Saint Mary's -19.5 (5.0%)
2025-12-30,Utah St.,Fresno St.,88.4,74.5,-13.9,13.5,0.4,156.0,152.5,3.5,TOTAL OVER 152.5 (5.0%)
2025-12-30,Gonzaga,San Diego,110.8,74.7,-36.1,29.5,6.6,163.9,162.5,1.4,SPREAD Gonzaga -29.5 (5.0%)
2025-12-30,Pacific,Loyola Marymount,65.2,71.8,6.6,-5.5,1.1,137.0,137.5,0.5,
2025-12-30,San Diego St.,San Jose St.,73.7,64.2,-9.5,10.5,1.0,137.7,143.5,5.8,TOTAL UNDER 143.5 (5.0%)
2025-12-30,San Francisco,Oregon St.,73.4,72.9,-0.6,4.5,3.9,142.0,143.5,1.5,SPREAD Oregon St. +4.5 (0.0%)
2025-12-30,Santa Clara,Portland,87.3,73.2,-14.1,13.5,0.6,154.5,156.5,2.0,
2025-12-30,Washington St.,Seattle,75.8,75.4,-0.3,4.5,4.2,150.9,142.5,8.4,TOTAL OVER 142.5 (5.0%); SPREAD Seattle +4.5 (0.0%)
2025-12-30,New Mexico,Boise St.,77.1,75.1,-2.0,-5.5,7.5,149.5,147.5,2.0,SPREAD New Mexico +5.5 (5.0%)
2025-12-30,Vermont,Princeton,62.1,67.2,5.1,-3.5,1.6,129.4,137.5,8.1,TOTAL UNDER 137.5 (5.0%)
2025-12-30,Ohio,Central Michigan,75.2,81.9,6.7,5.5,12.2,154.9,149.5,5.4,TOTAL OVER 149.5 (5.0%); SPREAD Central Michigan +5.5 (5.0%)
2025-12-30,Southeastern Louisiana,Incarnate Word,72.1,73.2,1.1,-8.5,7.4,142.3,139.5,2.8,SPREAD Southeastern Louisiana +8.5 (5.0%)
2025-12-30,Wyoming,Air Force,63.3,62.6,-0.7,12.5,11.8,125.9,144.5,18.6,TOTAL UNDER 144.5 (5.0%); SPREAD Air Force +12.5 (5.0%)
2025-12-30,Howard,Northwestern,68.0,96.9,28.9,-20.5,8.4,149.2,145.5,3.7,TOTAL OVER 145.5 (5.0%); SPREAD Northwestern -20.5 (5.0%)
2025-12-30,Albany,South Carolina,64.7,79.1,14.3,-19.5,5.2,144.5,147.5,3.0,TOTAL UNDER 147.5 (5.0%); SPREAD Albany +19.5 (5.0%)
2025-12-30,East Tennessee St.,The Citadel,73.0,60.3,-12.8,12.5,0.3,133.7,145.5,11.8,TOTAL UNDER 145.5 (5.0%)
2025-12-30,Western Michigan,Toledo,80.2,83.9,3.8,-10.5,6.7,151.2,165.5,14.3,TOTAL UNDER 165.5 (3.2%); SPREAD Western Michigan +10.5 (5.0%)
2025-12-30,Duquesne,Davidson,74.1,67.5,-6.6,-3.5,10.1,141.0,152.5,11.5,TOTAL UNDER 152.5 (5.0%); SPREAD Duquesne +3.5 (5.0%)
2025-12-30,Florida State,North Carolina,77.9,82.7,4.9,-14.5,9.6,160.1,161.5,1.4,SPREAD Florida State +14.5 (5.0%)
2025-12-30,Miami OH,Bowling Green,79.7,71.7,-8.0,-5.5,13.5,152.0,154.5,2.5,SPREAD Miami OH +5.5 (5.0%)
2025-12-30,Milwaukee,Wisconsin,73.4,83.7,10.3,-21.5,11.2,152.8,156.5,3.7,SPREAD Milwaukee +21.5 (5.0%)
2025-12-30,Pittsburgh,Miami FL,85.3,75.1,-10.2,-10.5,20.7,146.6,146.5,0.1,SPREAD Pittsburgh +10.5 (5.0%)
2025-12-30,Seton Hall,Marquette,64.5,76.5,12.0,-2.5,9.5,141.5,141.5,0.0,SPREAD Marquette -2.5 (5.0%)
2025-12-30,Temple,Charlotte,77.7,73.1,-4.6,-1.5,6.1,146.0,143.5,2.5,SPREAD Temple +1.5 (5.0%)
2025-12-30,UMass,Eastern Michigan,77.7,79.9,2.1,1.5,3.6,151.2,147.5,3.7,TOTAL OVER 147.5 (5.0%); SPREAD Eastern Michigan +1.5 (5.0%)
2025-12-30,South Carolina St.,Tennessee,61.7,89.2,27.4,-45.5,18.1,141.9,146.5,4.6,SPREAD South Carolina St. +45.5 (5.0%)
2025-12-30,Tennessee St.,Tennessee Tech,77.1,66.9,-10.2,-3.5,13.7,144.1,152.5,8.4,TOTAL UNDER 152.5 (5.0%); SPREAD Tennessee St. +3.5 (5.0%)
2025-12-30,Louisville,California,84.1,73.5,-10.5,7.5,3.0,152.6,159.5,6.9,TOTAL UNDER 159.5 (5.0%); SPREAD Louisville -7.5 (5.0%)
2025-12-30,Butler,Creighton,67.8,78.6,10.8,-5.5,5.3,146.2,153.5,7.3,TOTAL UNDER 153.5 (5.0%); SPREAD Creighton -5.5 (5.0%)
2025-12-30,Nevada,Colorado St.,64.1,74.2,10.1,3.5,13.6,137.8,145.5,7.7,TOTAL UNDER 145.5 (5.0%); SPREAD Colorado St. +3.5 (5.0%)
2025-12-30,New Hampshire,Nebraska,55.7,96.9,41.2,-31.5,9.7,149.4,144.5,4.9,TOTAL OVER 144.5 (5.0%); SPREAD Nebraska -31.5 (5.0%)
2025-12-30,Notre Dame,Stanford,68.1,74.3,6.1,-5.5,0.6,140.5,145.5,5.0,TOTAL UNDER 145.5 (5.0%)
2025-12-30,Saint Mary's,Pepperdine,87.5,60.5,-27.0,19.5,7.5,137.2,141.5,4.3,SPREAD Saint Mary's -19.5 (5.0%)
2025-12-30,Utah St.,Fresno St.,88.7,74.7,-13.9,13.5,0.4,156.0,152.5,3.5,TOTAL OVER 152.5 (5.0%)
2025-12-30,Gonzaga,San Diego,110.5,74.9,-35.6,29.5,6.1,163.9,162.5,1.4,SPREAD Gonzaga -29.5 (5.0%)
2025-12-30,Pacific,Loyola Marymount,65.0,71.5,6.5,-5.5,1.0,136.4,137.5,1.1,
2025-12-30,San Diego St.,San Jose St.,73.5,64.0,-9.4,10.5,1.1,137.9,143.5,5.6,TOTAL UNDER 143.5 (5.0%)
2025-12-30,San Francisco,Oregon St.,73.3,72.8,-0.5,4.5,4.0,142.0,143.5,1.5,SPREAD Oregon St. +4.5 (5.0%)
2025-12-30,Santa Clara,Portland,87.5,73.1,-14.3,13.5,0.8,154.5,156.5,2.0,
2025-12-30,Washington St.,Seattle,75.7,75.8,0.2,4.5,4.7,150.9,142.5,8.4,TOTAL OVER 142.5 (5.0%); SPREAD Seattle +4.5 (5.0%)
2025-12-30,New Mexico,Boise St.,77.1,75.2,-1.9,-5.5,7.4,149.5,147.5,2.0,SPREAD New Mexico +5.5 (5.0%)
2025-12-31,Army,Lehigh,70.9,75.4,4.6,-3.5,1.1,146.2,142.5,3.7,TOTAL OVER 142.5 (5.0%)
2025-12-31,Lamar,East Texas A&M,66.4,63.2,-3.2,5.5,2.3,129.1,142.5,13.4,TOTAL UNDER 142.5 (5.0%); SPREAD East Texas A&M +5.5 (5.0%)
2025-12-31,Loyola Chicago,Rhode Island,76.1,74.8,-1.3,9.5,8.2,151.0,146.5,4.5,TOTAL OVER 146.5 (5.0%); SPREAD Rhode Island +9.5 (5.0%)
2025-12-31,Mercer,Furman,67.3,77.3,10.0,1.5,11.5,144.6,155.5,10.9,TOTAL UNDER 155.5 (5.0%); SPREAD Furman +1.5 (5.0%)
2025-12-31,Tulane,East Carolina,73.2,75.2,2.0,-1.5,0.5,146.1,144.5,1.6,
2025-12-31,Wake Forest,NC State,72.4,67.5,-4.9,9.5,4.6,139.4,158.5,19.1,TOTAL UNDER 158.5 (5.0%); SPREAD NC State +9.5 (5.0%)
2025-12-31,Boston University,Navy,66.7,68.9,2.2,-5.5,3.3,135.4,137.5,2.1,SPREAD Boston University +5.5 (5.0%)
2025-12-31,Buffalo,Northern Illinois,72.3,73.3,1.0,-6.5,5.5,146.5,152.5,6.0,TOTAL UNDER 152.5 (5.0%); SPREAD Buffalo +6.5 (5.0%)
2025-12-31,Loyola MD,American,64.6,70.8,6.2,10.5,16.7,135.1,153.5,18.4,TOTAL UNDER 153.5 (5.0%); SPREAD American +10.5 (5.0%)
2025-12-31,South Alabama,Louisiana,75.1,64.1,-10.9,-2.5,13.4,137.0,124.5,12.5,TOTAL OVER 124.5 (5.0%); SPREAD South Alabama +2.5 (5.0%)
2025-12-31,UTSA,Florida Atlantic,81.3,84.9,3.6,-16.5,12.9,157.7,155.5,2.2,SPREAD UTSA +16.5 (5.0%)
2025-12-31,Wofford,Western Carolina,76.4,63.8,-12.5,-1.5,14.0,140.0,153.5,13.5,TOTAL UNDER 153.5 (5.0%); SPREAD Wofford +1.5 (5.0%)
2025-12-31,Virginia,Virginia Tech,61.3,64.9,3.6,-5.5,1.9,126.2,153.5,27.3,TOTAL UNDER 153.5 (5.0%)
2025-12-31,Appalachian St.,Old Dominion,62.8,61.9,-0.9,2.5,1.6,125.1,137.5,12.4,TOTAL UNDER 137.5 (5.0%)
2025-12-31,Bucknell,Holy Cross,72.6,65.7,-6.9,2.5,4.4,138.8,136.5,2.3,SPREAD Bucknell -2.5 (5.0%)
2025-12-31,Campbell,Monmouth,71.1,74.7,3.5,-1.5,2.0,144.9,152.5,7.6,TOTAL UNDER 152.5 (5.0%); SPREAD Monmouth -1.5 (5.0%)
2025-12-31,Charleston,Elon,71.9,73.9,1.9,3.5,5.4,145.7,156.5,10.8,TOTAL UNDER 156.5 (5.0%); SPREAD Elon +3.5 (5.0%)
2025-12-31,Charleston Southern,Gardner-Webb,65.9,73.8,7.9,-12.5,4.6,139.9,162.5,22.6,TOTAL UNDER 162.5 (5.0%); SPREAD Charleston Southern +12.5 (5.0%)
2025-12-31,Clemson,Syracuse,80.0,66.8,-13.2,-1.5,14.7,144.0,141.5,2.5,SPREAD Clemson +1.5 (5.0%)
2025-12-31,Fordham,Dayton,73.6,81.4,7.8,-16.5,8.7,150.3,138.5,11.8,TOTAL OVER 138.5 (5.0%); SPREAD Fordham +16.5 (5.0%)
2025-12-31,George Mason,La Salle,74.7,62.2,-12.6,9.5,3.1,137.1,136.5,0.6,SPREAD George Mason -9.5 (5.0%)
2025-12-31,High Point,UNC Asheville,88.0,79.9,-8.1,12.5,4.4,148.2,155.5,7.3,SPREAD UNC Asheville +12.5 (5.0%)
2025-12-31,NJIT,Penn,64.2,71.1,6.9,-14.5,7.6,135.8,150.5,14.7,TOTAL UNDER 150.5 (5.0%); SPREAD NJIT +14.5 (5.0%)
2025-12-31,Radford,USC Upstate,76.3,66.9,-9.5,-1.5,11.0,142.9,158.5,15.6,TOTAL UNDER 158.5 (5.0%); SPREAD Radford +1.5 (5.0%)
2025-12-31,Rice,Tulsa,69.1,66.3,-2.8,-13.5,16.3,134.9,153.5,18.6,TOTAL UNDER 153.5 (5.0%); SPREAD Rice +13.5 (5.0%)
2025-12-31,St. Bonaventure,VCU,61.8,77.8,16.0,-10.5,5.5,139.4,156.5,17.1,TOTAL UNDER 156.5 (5.0%); SPREAD VCU -10.5 (5.0%)
2025-12-31,Stony Brook,William & Mary,68.6,79.0,10.3,-10.5,0.2,145.5,157.5,12.0,TOTAL UNDER 157.5 (5.0%)
2025-12-31,Texas St.,Troy,64.7,81.7,17.0,8.5,25.5,143.5,144.5,1.0,SPREAD Troy +8.5 (5.0%)
2025-12-31,Towson,Hampton,69.4,71.1,1.7,5.5,7.2,136.8,136.5,0.3,SPREAD Hampton +5.5 (5.0%)
2025-12-31,Colgate,Lafayette,69.8,70.8,1.0,6.5,7.5,140.2,147.5,7.3,TOTAL UNDER 147.5 (5.0%); SPREAD Lafayette +6.5 (5.0%)
2025-12-31,Winthrop,Longwood,84.6,85.9,1.3,-8.5,7.2,164.6,161.5,3.1,TOTAL OVER 161.5 (5.0%); SPREAD Winthrop +8.5 (5.0%)
2025-12-31,George Washington,Richmond,73.8,61.8,-12.0,3.5,8.5,135.6,161.5,25.9,TOTAL UNDER 161.5 (5.0%); SPREAD George Washington -3.5 (5.0%)
2025-12-31,Georgia St.,Marshall,72.7,83.1,10.5,-13.5,3.0,155.4,153.5,1.9,SPREAD Georgia St. +13.5 (5.0%)
2025-12-31,Georgia Tech,Duke,63.3,100.7,37.4,-26.5,10.9,148.3,153.5,5.2,SPREAD Duke -26.5 (5.0%)
2025-12-31,Kansas City,Denver,69.7,63.9,-5.8,10.5,4.7,133.7,157.5,23.8,TOTAL UNDER 157.5 (5.0%); SPREAD Denver +10.5 (5.0%)
2025-12-31,North Texas,Memphis,63.0,70.6,7.6,-10.5,2.9,133.7,135.5,1.8,SPREAD North Texas +10.5 (5.0%)
2025-12-31,Wichita St.,UAB,79.7,83.9,4.2,-3.5,0.7,156.2,149.5,6.7,TOTAL OVER 149.5 (5.0%)
2025-12-31,New Orleans,Texas A&M Corpus Chris,67.4,82.9,15.5,-4.5,11.0,150.2,144.5,5.7,TOTAL OVER 144.5 (5.0%); SPREAD Texas A&M Corpus Chris -4.5 (5.0%)
2025-12-31,Stephen F. Austin,Northwestern St.,62.0,63.8,1.8,8.5,10.3,125.6,140.5,14.9,TOTAL UNDER 140.5 (5.0%); SPREAD Northwestern St. +8.5 (5.0%)
2025-12-31,UConn,Xavier,74.5,73.9,-0.7,12.5,11.8,142.2,145.5,3.3,SPREAD Xavier +12.5 (5.0%)
2025-12-31,South Dakota,North Dakota St.,79.9,84.1,4.3,-11.5,7.2,149.5,163.5,14.0,SPREAD South Dakota +11.5 (5.0%)
2025-12-31,DePaul,Villanova,67.2,75.8,8.6,-13.5,4.9,139.3,135.5,3.8,TOTAL OVER 135.5 (5.0%); SPREAD DePaul +13.5 (5.0%)
2025-12-31,Drexel,UNC Wilmington,61.0,71.2,10.3,-11.5,1.2,131.7,139.5,7.8,TOTAL UNDER 139.5 (5.0%)
2025-12-31,St. John's,Georgetown,81.4,70.0,-11.4,8.5,2.9,151.7,154.5,2.8,SPREAD St. John's -8.5 (5.0%)
2025-12-31,Army,Lehigh,70.0,75.4,5.5,-3.5,2.0,146.0,142.5,3.5,TOTAL OVER 142.5 (5.0%); SPREAD Lehigh -3.5 (5.0%)
2025-12-31,Lamar,East Texas A&M,66.0,63.5,-2.5,5.5,3.0,129.7,142.5,12.8,TOTAL UNDER 142.5 (5.0%); SPREAD East Texas A&M +5.5 (5.0%)
2025-12-31,Loyola Chicago,Rhode Island,76.0,74.7,-1.3,9.5,8.2,150.9,146.5,4.4,TOTAL OVER 146.5 (5.0%); SPREAD Rhode Island +9.5 (5.0%)
2025-12-31,Mercer,Furman,67.3,77.3,10.1,1.5,11.6,144.9,155.5,10.6,TOTAL UNDER 155.5 (5.0%); SPREAD Furman +1.5 (5.0%)
2025-12-31,Tulane,East Carolina,73.8,75.0,1.2,-1.5,0.3,146.1,144.5,1.6,
2025-12-31,Wake Forest,NC State,71.8,67.7,-4.1,9.5,5.4,139.3,158.5,19.2,TOTAL UNDER 158.5 (5.0%); SPREAD NC State +9.5 (5.0%)
2025-12-31,Boston University,Navy,66.7,68.6,2.0,-5.5,3.5,135.6,137.5,1.9,SPREAD Boston University +5.5 (5.0%)
2025-12-31,Buffalo,Northern Illinois,72.6,73.5,0.9,-6.5,5.6,146.6,152.5,5.9,TOTAL UNDER 152.5 (5.0%); SPREAD Buffalo +6.5 (5.0%)
2025-12-31,Loyola MD,American,65.5,70.4,4.9,10.5,15.4,134.7,153.5,18.8,TOTAL UNDER 153.5 (5.0%); SPREAD American +10.5 (5.0%)
2025-12-31,South Alabama,Louisiana,74.8,64.0,-10.8,-2.5,13.3,137.0,124.5,12.5,TOTAL OVER 124.5 (5.0%); SPREAD South Alabama +2.5 (5.0%)
2025-12-31,UTSA,Florida Atlantic,80.6,84.8,4.2,-16.5,12.3,157.7,155.5,2.2,SPREAD UTSA +16.5 (5.0%)
2025-12-31,Wofford,Western Carolina,76.0,64.0,-12.0,-1.5,13.5,140.4,153.5,13.1,TOTAL UNDER 153.5 (5.0%); SPREAD Wofford +1.5 (5.0%)
2025-12-31,Virginia,Virginia Tech,61.3,65.3,4.0,-5.5,1.5,126.5,153.5,27.0,TOTAL UNDER 153.5 (5.0%)
2025-12-31,Appalachian St.,Old Dominion,63.0,62.2,-0.8,2.5,1.7,125.1,137.5,12.4,TOTAL UNDER 137.5 (5.0%)
2025-12-31,Bucknell,Holy Cross,72.9,65.7,-7.2,2.5,4.7,138.6,136.5,2.1,SPREAD Bucknell -2.5 (5.0%)
2025-12-31,Campbell,Monmouth,70.7,75.0,4.3,-1.5,2.8,144.9,152.5,7.6,TOTAL UNDER 152.5 (5.0%); SPREAD Monmouth -1.5 (5.0%)
2025-12-31,Charleston,Elon,72.2,73.7,1.5,3.5,5.0,146.3,156.5,10.2,TOTAL UNDER 156.5 (5.0%); SPREAD Elon +3.5 (5.0%)
2025-12-31,Charleston Southern,Gardner-Webb,66.0,74.1,8.1,-12.5,4.4,140.2,162.5,22.3,TOTAL UNDER 162.5 (5.0%); SPREAD Charleston Southern +12.5 (5.0%)
2025-12-31,Clemson,Syracuse,79.6,66.4,-13.2,-1.5,14.7,144.0,141.5,2.5,SPREAD Clemson +1.5 (5.0%)
2025-12-31,Fordham,Dayton,73.5,82.1,8.6,-16.5,7.9,150.3,138.5,11.8,TOTAL OVER 138.5 (5.0%); SPREAD Fordham +16.5 (5.0%)
2025-12-31,George Mason,La Salle,74.9,62.8,-12.1,9.5,2.6,137.6,136.5,1.1,SPREAD George Mason -9.5 (5.0%)
2025-12-31,High Point,UNC Asheville,88.1,79.7,-8.4,12.5,4.1,148.2,155.5,7.3,SPREAD UNC Asheville +12.5 (5.0%)
2025-12-31,NJIT,Penn,64.4,71.6,7.2,-14.5,7.3,135.7,150.5,14.8,TOTAL UNDER 150.5 (5.0%); SPREAD NJIT +14.5 (5.0%)
2025-12-31,Radford,USC Upstate,76.2,66.9,-9.2,-1.5,10.7,143.1,158.5,15.4,TOTAL UNDER 158.5 (5.0%); SPREAD Radford +1.5 (5.0%)
2025-12-31,Rice,Tulsa,69.2,66.4,-2.8,-13.5,16.3,135.1,153.5,18.4,TOTAL UNDER 153.5 (5.0%); SPREAD Rice +13.5 (5.0%)
2025-12-31,St. Bonaventure,VCU,61.4,77.7,16.3,-10.5,5.8,139.4,156.5,17.1,TOTAL UNDER 156.5 (5.0%); SPREAD VCU -10.5 (5.0%)
2025-12-31,Stony Brook,William & Mary,68.3,79.2,10.9,-10.5,0.4,145.5,157.5,12.0,TOTAL UNDER 157.5 (5.0%)
2025-12-31,Texas St.,Troy,65.0,82.0,17.0,8.5,25.5,143.5,144.5,1.0,SPREAD Troy +8.5 (5.0%)
2025-12-31,Towson,Hampton,69.2,70.9,1.7,5.5,7.2,136.8,136.5,0.3,SPREAD Hampton +5.5 (5.0%)
2025-12-31,Colgate,Lafayette,69.8,70.9,1.0,6.5,7.5,140.5,147.5,7.0,TOTAL UNDER 147.5 (5.0%); SPREAD Lafayette +6.5 (5.0%)
2025-12-31,Northeastern,North Carolina A&T,78.5,66.6,-11.9,-3.5,15.4,145.6,155.5,9.9,TOTAL UNDER 155.5 (5.0%); SPREAD Northeastern +3.5 (5.0%)
2025-12-31,Winthrop,Longwood,84.7,85.9,1.1,-8.5,7.4,164.6,161.5,3.1,TOTAL OVER 161.5 (5.0%); SPREAD Winthrop +8.5 (5.0%)
2025-12-31,George Washington,Richmond,73.8,62.0,-11.9,3.5,8.4,135.7,161.5,25.8,TOTAL UNDER 161.5 (5.0%); SPREAD George Washington -3.5 (5.0%)
2025-12-31,Georgia St.,Marshall,72.9,83.6,10.7,-13.5,2.8,155.4,153.5,1.9,SPREAD Georgia St. +13.5 (5.0%)
2025-12-31,Georgia Tech,Duke,63.1,100.6,37.4,-26.5,10.9,148.3,153.5,5.2,SPREAD Duke -26.5 (5.0%)
2025-12-31,Kansas City,Denver,69.6,64.1,-5.6,10.5,4.9,133.5,157.5,24.0,TOTAL UNDER 157.5 (5.0%); SPREAD Denver +10.5 (5.0%)
2025-12-31,North Texas,Memphis,63.1,70.3,7.2,-10.5,3.3,133.5,135.5,2.0,SPREAD North Texas +10.5 (5.0%)
2025-12-31,Wichita St.,UAB,80.0,84.5,4.5,-3.5,1.0,156.2,149.5,6.7,TOTAL OVER 149.5 (5.0%)
2025-12-31,New Orleans,Texas A&M Corpus Chris,67.6,82.9,15.3,-4.5,10.8,149.9,144.5,5.4,TOTAL OVER 144.5 (5.0%); SPREAD Texas A&M Corpus Chris -4.5 (5.0%)
2025-12-31,Stephen F. Austin,Northwestern St.,62.0,63.3,1.3,8.5,9.8,125.3,140.5,15.2,TOTAL UNDER 140.5 (5.0%); SPREAD Northwestern St. +8.5 (5.0%)
2025-12-31,UConn,Xavier,74.3,74.0,-0.3,12.5,12.2,142.2,145.5,3.3,SPREAD Xavier +12.5 (5.0%)
2025-12-31,South Dakota,North Dakota St.,79.8,84.5,4.7,-11.5,6.8,149.5,163.5,14.0,SPREAD South Dakota +11.5 (5.0%)
2025-12-31,DePaul,Villanova,67.1,76.0,9.0,-13.5,4.5,139.3,135.5,3.8,TOTAL OVER 135.5 (5.0%); SPREAD DePaul +13.5 (5.0%)
2025-12-31,Drexel,UNC Wilmington,60.7,71.4,10.7,-11.5,0.8,131.8,139.5,7.7,TOTAL UNDER 139.5 (5.0%)
2025-12-31,St. John's,Georgetown,81.6,69.8,-11.8,8.5,3.3,151.4,154.5,3.1,TOTAL UNDER 154.5 (5.0%); SPREAD St. John's -8.5 (5.0%)
2025-12-31,Army,Lehigh,70.5,75.6,5.1,-3.5,1.6,146.2,142.5,3.7,TOTAL OVER 142.5 (5.0%)
2025-12-31,Lamar,East Texas A&M,66.2,63.2,-2.9,5.5,2.6,129.3,142.5,13.2,TOTAL UNDER 142.5 (5.0%); SPREAD East Texas A&M +5.5 (5.0%)
2025-12-31,Loyola Chicago,Rhode Island,75.9,74.5,-1.4,9.5,8.1,150.7,146.5,4.2,TOTAL OVER 146.5 (5.0%); SPREAD Rhode Island +9.5 (5.0%)
2025-12-31,Mercer,Furman,67.7,77.3,9.6,1.5,11.1,144.6,155.5,10.9,TOTAL UNDER 155.5 (5.0%); SPREAD Furman +1.5 (5.0%)
2025-12-31,Tulane,East Carolina,73.7,75.0,1.3,-1.5,0.2,146.1,144.5,1.6,
2025-12-31,Wake Forest,NC State,71.9,67.3,-4.7,9.5,4.8,139.2,158.5,19.3,TOTAL UNDER 158.5 (5.0%); SPREAD NC State +9.5 (5.0%)
2025-12-31,Boston University,Navy,66.5,69.1,2.6,-5.5,2.9,135.4,137.5,2.1,SPREAD Boston University +5.5 (5.0%)
2025-12-31,Buffalo,Northern Illinois,72.6,73.4,0.8,-6.5,5.7,146.4,152.5,6.1,TOTAL UNDER 152.5 (5.0%); SPREAD Buffalo +6.5 (5.0%)
2025-12-31,Loyola MD,American,65.5,70.4,4.8,10.5,15.3,135.4,153.5,18.1,TOTAL UNDER 153.5 (5.0%); SPREAD American +10.5 (5.0%)
2025-12-31,South Alabama,Louisiana,75.1,64.0,-11.1,-2.5,13.6,137.0,124.5,12.5,TOTAL OVER 124.5 (5.0%); SPREAD South Alabama +2.5 (5.0%)
2025-12-31,UTSA,Florida Atlantic,80.7,85.1,4.4,-16.5,12.1,157.7,155.5,2.2,SPREAD UTSA +16.5 (5.0%)
2025-12-31,Wofford,Western Carolina,76.1,64.0,-12.2,-1.5,13.7,139.9,153.5,13.6,TOTAL UNDER 153.5 (5.0%); SPREAD Wofford +1.5 (5.0%)
2025-12-31,Virginia,Virginia Tech,61.2,65.2,3.9,-5.5,1.6,126.5,153.5,27.0,TOTAL UNDER 153.5 (5.0%)
2025-12-31,Appalachian St.,Old Dominion,62.5,62.4,-0.1,2.5,2.4,125.2,137.5,12.3,TOTAL UNDER 137.5 (5.0%); SPREAD Old Dominion +2.5 (5.0%)
2025-12-31,Bucknell,Holy Cross,72.6,66.1,-6.5,2.5,4.0,138.5,136.5,2.0,SPREAD Bucknell -2.5 (5.0%)
2025-12-31,Campbell,Monmouth,71.0,74.6,3.6,-1.5,2.1,144.9,152.5,7.6,TOTAL UNDER 152.5 (5.0%); SPREAD Monmouth -1.5 (5.0%)
2025-12-31,Charleston,Elon,71.7,74.1,2.4,3.5,5.9,146.3,156.5,10.2,TOTAL UNDER 156.5 (5.0%); SPREAD Elon +3.5 (5.0%)
2025-12-31,Charleston Southern,Gardner-Webb,66.3,74.0,7.7,-12.5,4.8,140.0,162.5,22.5,TOTAL UNDER 162.5 (5.0%); SPREAD Charleston Southern +12.5 (5.0%)
2025-12-31,Clemson,Syracuse,79.6,66.4,-13.3,-1.5,14.8,144.0,141.5,2.5,SPREAD Clemson +1.5 (5.0%)
2025-12-31,Fordham,Dayton,73.2,81.6,8.4,-16.5,8.1,150.3,138.5,11.8,TOTAL OVER 138.5 (5.0%); SPREAD Fordham +16.5 (5.0%)
2025-12-31,George Mason,La Salle,75.0,62.3,-12.7,9.5,3.2,137.3,136.5,0.8,SPREAD George Mason -9.5 (5.0%)
2025-12-31,High Point,UNC Asheville,87.7,79.8,-8.0,12.5,4.5,148.2,155.5,7.3,SPREAD UNC Asheville +12.5 (5.0%)
2025-12-31,NJIT,Penn,64.5,71.6,7.1,-14.5,7.4,135.4,150.5,15.1,TOTAL UNDER 150.5 (5.0%); SPREAD NJIT +14.5 (5.0%)
2025-12-31,Radford,USC Upstate,76.3,66.5,-9.9,-1.5,11.4,143.1,158.5,15.4,TOTAL UNDER 158.5 (5.0%); SPREAD Radford +1.5 (5.0%)
2025-12-31,Rice,Tulsa,69.0,66.1,-3.0,-13.5,16.5,135.0,153.5,18.5,TOTAL UNDER 153.5 (5.0%); SPREAD Rice +13.5 (5.0%)
2025-12-31,St. Bonaventure,VCU,61.7,77.8,16.1,-10.5,5.6,139.3,156.5,17.2,TOTAL UNDER 156.5 (5.0%); SPREAD VCU -10.5 (5.0%)
2025-12-31,Stony Brook,William & Mary,68.6,79.8,11.1,-10.5,0.6,145.5,157.5,12.0,TOTAL UNDER 157.5 (5.0%)
2025-12-31,Texas St.,Troy,64.8,81.6,16.8,8.5,25.3,143.5,144.5,1.0,SPREAD Troy +8.5 (5.0%)
2025-12-31,Towson,Hampton,69.2,70.7,1.5,5.5,7.0,136.8,136.5,0.3,SPREAD Hampton +5.5 (5.0%)
2025-12-31,Colgate,Lafayette,69.5,70.8,1.3,6.5,7.8,140.3,147.5,7.2,TOTAL UNDER 147.5 (5.0%); SPREAD Lafayette +6.5 (5.0%)
2025-12-31,Northeastern,North Carolina A&T,78.6,65.9,-12.7,-3.5,16.2,145.4,155.5,10.1,TOTAL UNDER 155.5 (5.0%); SPREAD Northeastern +3.5 (5.0%)
2025-12-31,Winthrop,Longwood,84.3,86.3,2.0,-8.5,6.5,164.6,161.5,3.1,TOTAL OVER 161.5 (5.0%); SPREAD Winthrop +8.5 (5.0%)
2025-12-31,George Washington,Richmond,73.7,61.7,-12.0,3.5,8.5,135.5,161.5,26.0,TOTAL UNDER 161.5 (5.0%); SPREAD George Washington -3.5 (5.0%)
2025-12-31,Georgia St.,Marshall,73.1,83.7,10.7,-13.5,2.8,155.4,153.5,1.9,SPREAD Georgia St. +13.5 (5.0%)
2025-12-31,Georgia Tech,Duke,63.3,100.5,37.2,-26.5,10.7,148.3,153.5,5.2,SPREAD Duke -26.5 (5.0%)
2025-12-31,Kansas City,Denver,69.8,63.5,-6.3,10.5,4.2,133.0,157.5,24.5,TOTAL UNDER 157.5 (5.0%); SPREAD Denver +10.5 (5.0%)
2025-12-31,North Texas,Memphis,63.4,70.7,7.3,-10.5,3.2,133.6,135.5,1.9,SPREAD North Texas +10.5 (5.0%)
2025-12-31,Saint Joseph's,Saint Louis,72.4,70.5,-1.9,-20.5,22.4,142.8,159.5,16.7,TOTAL UNDER 159.5 (5.0%); SPREAD Saint Joseph's +20.5 (5.0%)
2025-12-31,Wichita St.,UAB,80.0,84.0,4.1,-3.5,0.6,156.2,149.5,6.7,TOTAL OVER 149.5 (5.0%)
2025-12-31,New Orleans,Texas A&M Corpus Chris,67.2,83.0,15.9,-4.5,11.4,149.9,144.5,5.4,TOTAL OVER 144.5 (5.0%); SPREAD Texas A&M Corpus Chris -4.5 (5.0%)
2025-12-31,Stephen F. Austin,Northwestern St.,62.2,63.7,1.5,8.5,10.0,125.7,140.5,14.8,TOTAL UNDER 140.5 (5.0%); SPREAD Northwestern St. +8.5 (5.0%)
2025-12-31,UConn,Xavier,74.4,73.9,-0.5,12.5,12.0,142.2,145.5,3.3,SPREAD Xavier +12.5 (5.0%)
2025-12-31,South Dakota,North Dakota St.,79.9,84.4,4.5,-11.5,7.0,149.5,163.5,14.0,SPREAD South Dakota +11.5 (5.0%)
2025-12-31,DePaul,Villanova,67.2,75.9,8.8,-13.5,4.7,139.3,135.5,3.8,TOTAL OVER 135.5 (5.0%); SPREAD DePaul +13.5 (5.0%)
2025-12-31,Drexel,UNC Wilmington,60.7,71.2,10.5,-11.5,1.0,131.8,139.5,7.7,TOTAL UNDER 139.5 (5.0%)
2025-12-31,St. John's,Georgetown,81.5,70.1,-11.5,8.5,3.0,151.7,154.5,2.8,SPREAD St. John's -8.5 (5.0%)
2025-12-31,Army,Lehigh,70.9,75.3,4.4,4.5,8.9,146.3,142.5,3.8,TOTAL OVER 142.5 (5.0%); SPREAD Lehigh +4.5 (5.0%)
2025-12-31,Lamar,East Texas A&M,66.3,63.4,-2.9,5.5,2.6,129.3,142.5,13.2,TOTAL UNDER 142.5 (5.0%); SPREAD East Texas A&M +5.5 (5.0%)
2025-12-31,Loyola Chicago,Rhode Island,75.9,74.9,-1.0,-8.5,9.5,150.5,146.5,4.0,TOTAL OVER 146.5 (5.0%); SPREAD Loyola Chicago +8.5 (5.0%)
2025-12-31,Mercer,Furman,67.3,77.2,9.8,-1.5,8.3,144.6,155.5,10.9,TOTAL UNDER 155.5 (5.0%); SPREAD Furman -1.5 (5.0%)
2025-12-31,Tulane,East Carolina,73.4,75.2,1.8,1.5,3.3,146.1,144.5,1.6,SPREAD East Carolina +1.5 (5.0%)
2025-12-31,Wake Forest,NC State,71.7,67.6,-4.0,-9.5,13.5,139.3,158.5,19.2,TOTAL UNDER 158.5 (5.0%); SPREAD Wake Forest +9.5 (5.0%)
2025-12-31,Boston University,Navy,66.3,69.1,2.8,-4.5,1.7,135.3,137.5,2.2,
2025-12-31,Buffalo,Northern Illinois,72.9,73.8,0.9,6.5,7.4,145.9,152.5,6.6,TOTAL UNDER 152.5 (5.0%); SPREAD Northern Illinois +6.5 (5.0%)
2025-12-31,Loyola MD,American,65.2,70.2,5.0,-10.5,5.5,135.5,153.5,18.0,TOTAL UNDER 153.5 (5.0%); SPREAD Loyola MD +10.5 (5.0%)
2025-12-31,South Alabama,Louisiana,75.3,64.4,-10.9,2.5,8.4,137.0,124.5,12.5,TOTAL OVER 124.5 (5.0%); SPREAD South Alabama -2.5 (5.0%)
2025-12-31,UTSA,Florida Atlantic,81.1,85.1,4.0,-16.5,12.5,157.7,155.5,2.2,SPREAD UTSA +16.5 (5.0%)
2025-12-31,Wofford,Western Carolina,76.0,63.8,-12.2,1.5,10.7,139.7,153.5,13.8,TOTAL UNDER 153.5 (5.0%); SPREAD Wofford -1.5 (5.0%)
2025-12-31,Virginia,Virginia Tech,61.3,65.1,3.8,5.5,9.3,126.3,153.5,27.2,TOTAL UNDER 153.5 (5.0%); SPREAD Virginia Tech +5.5 (5.0%)
2025-12-31,Appalachian St.,Old Dominion,63.0,62.0,-1.0,-2.5,3.5,125.2,137.5,12.3,TOTAL UNDER 137.5 (5.0%); SPREAD Appalachian St. +2.5 (5.0%)
2025-12-31,Bucknell,Holy Cross,72.7,65.7,-6.9,2.5,4.4,138.6,136.5,2.1,SPREAD Bucknell -2.5 (5.0%)
2025-12-31,Campbell,Monmouth,70.8,74.9,4.1,-1.5,2.6,144.9,152.5,7.6,TOTAL UNDER 152.5 (5.0%); SPREAD Monmouth -1.5 (5.0%)
2025-12-31,Charleston,Elon,72.4,73.4,1.1,-3.5,2.4,146.1,156.5,10.4,TOTAL UNDER 156.5 (5.0%); SPREAD Charleston +3.5 (5.0%)
2025-12-31,Charleston Southern,Gardner-Webb,66.0,73.8,7.7,12.5,20.2,140.0,162.5,22.5,TOTAL UNDER 162.5 (5.0%); SPREAD Gardner-Webb +12.5 (5.0%)
2025-12-31,Clemson,Syracuse,79.5,66.6,-12.9,1.5,11.4,144.0,141.5,2.5,SPREAD Clemson -1.5 (5.0%)
2025-12-31,Fordham,Dayton,73.0,81.8,8.8,-16.5,7.7,150.3,138.5,11.8,TOTAL OVER 138.5 (5.0%); SPREAD Fordham +16.5 (5.0%)
2025-12-31,George Mason,La Salle,74.7,62.6,-12.2,9.5,2.7,137.2,136.5,0.7,SPREAD George Mason -9.5 (5.0%)
2025-12-31,High Point,UNC Asheville,88.0,79.5,-8.5,12.5,4.0,148.2,155.5,7.3,SPREAD UNC Asheville +12.5 (5.0%)
2025-12-31,NJIT,Penn,64.0,71.6,7.6,-14.5,6.9,135.5,150.5,15.0,TOTAL UNDER 150.5 (5.0%); SPREAD NJIT +14.5 (5.0%)
2025-12-31,Radford,USC Upstate,76.3,67.0,-9.2,-1.5,10.7,143.0,158.5,15.5,TOTAL UNDER 158.5 (5.0%); SPREAD Radford +1.5 (5.0%)
2025-12-31,Rice,Tulsa,69.2,66.3,-2.8,-13.5,16.3,134.9,153.5,18.6,TOTAL UNDER 153.5 (5.0%); SPREAD Rice +13.5 (5.0%)
2025-12-31,St. Bonaventure,VCU,61.6,77.6,16.0,-10.5,5.5,139.6,156.5,16.9,TOTAL UNDER 156.5 (5.0%); SPREAD VCU -10.5 (5.0%)
2025-12-31,Stony Brook,William & Mary,68.8,79.2,10.5,-10.5,0.0,145.5,157.5,12.0,TOTAL UNDER 157.5 (5.0%)
2025-12-31,Texas St.,Troy,65.0,81.5,16.5,-8.5,8.0,143.5,144.5,1.0,SPREAD Troy -8.5 (5.0%)
2025-12-31,Towson,Hampton,69.7,70.7,1.0,5.5,6.5,136.8,136.5,0.3,SPREAD Hampton +5.5 (5.0%)
2025-12-31,Colgate,Lafayette,69.8,70.5,0.7,6.5,7.2,140.7,147.5,6.8,TOTAL UNDER 147.5 (5.0%); SPREAD Lafayette +6.5 (5.0%)
2025-12-31,Northeastern,North Carolina A&T,79.1,67.0,-12.1,3.5,8.6,145.6,155.5,9.9,TOTAL UNDER 155.5 (5.0%); SPREAD Northeastern -3.5 (5.0%)
2025-12-31,Winthrop,Longwood,84.4,85.9,1.5,8.5,10.0,164.6,161.5,3.1,TOTAL OVER 161.5 (5.0%); SPREAD Longwood +8.5 (5.0%)
2025-12-31,George Washington,Richmond,73.5,62.0,-11.5,3.5,8.0,135.9,161.5,25.6,TOTAL UNDER 161.5 (5.0%); SPREAD George Washington -3.5 (5.0%)
2025-12-31,Georgia St.,Marshall,72.6,83.5,11.0,-13.5,2.5,155.4,153.5,1.9,SPREAD Georgia St. +13.5 (5.0%)
2025-12-31,Georgia Tech,Duke,63.2,100.4,37.2,-27.5,9.7,148.3,153.5,5.2,SPREAD Duke -27.5 (5.0%)
2025-12-31,Kansas City,Denver,69.7,64.2,-5.5,-10.5,16.0,133.5,157.5,24.0,TOTAL UNDER 157.5 (5.0%); SPREAD Kansas City +10.5 (5.0%)
2025-12-31,North Texas,Memphis,62.9,70.5,7.6,-10.5,2.9,133.6,135.5,1.9,SPREAD North Texas +10.5 (5.0%)
2025-12-31,Saint Joseph's,Saint Louis,72.4,70.8,-1.6,-20.5,22.1,143.1,159.5,16.4,TOTAL UNDER 159.5 (5.0%); SPREAD Saint Joseph's +20.5 (5.0%)
2025-12-31,Wichita St.,UAB,80.0,84.2,4.2,-3.5,0.7,156.2,149.5,6.7,TOTAL OVER 149.5 (5.0%)
2025-12-31,New Orleans,Texas A&M Corpus Chris,67.5,83.0,15.5,-4.5,11.0,149.8,144.5,5.3,TOTAL OVER 144.5 (5.0%); SPREAD Texas A&M Corpus Chris -4.5 (5.0%)
2025-12-31,Stephen F. Austin,Northwestern St.,62.6,63.5,0.9,8.5,9.4,125.2,140.5,15.3,TOTAL UNDER 140.5 (5.0%); SPREAD Northwestern St. +8.5 (5.0%)
2025-12-31,UConn,Xavier,74.4,73.7,-0.7,12.5,11.8,142.2,145.5,3.3,SPREAD Xavier +12.5 (5.0%)
2025-12-31,South Dakota,North Dakota St.,80.4,84.2,3.8,-11.5,7.7,149.5,163.5,14.0,SPREAD South Dakota +11.5 (5.0%)
2025-12-31,DePaul,Villanova,67.3,75.8,8.5,-12.5,4.0,139.3,135.5,3.8,TOTAL OVER 135.5 (5.0%); SPREAD DePaul +12.5 (5.0%)
2025-12-31,Drexel,UNC Wilmington,60.9,71.4,10.5,-11.5,1.0,131.7,139.5,7.8,TOTAL UNDER 139.5 (5.0%)
2025-12-31,St. John's,Georgetown,81.5,70.0,-11.5,8.5,3.0,151.7,154.5,2.8,SPREAD St. John's -8.5 (5.0%)
2025-12-31,Army,Lehigh,70.5,75.6,5.1,-4.5,0.6,145.8,142.5,3.3,TOTAL OVER 142.5 (5.0%)
2025-12-31,Lamar,East Texas A&M,66.3,63.4,-2.8,5.5,2.7,129.3,142.5,13.2,TOTAL UNDER 142.5 (5.0%); SPREAD East Texas A&M +5.5 (5.0%)
2025-12-31,Loyola Chicago,Rhode Island,76.0,74.7,-1.4,-8.5,9.9,150.7,146.5,4.2,TOTAL OVER 146.5 (5.0%); SPREAD Loyola Chicago +8.5 (5.0%)
2025-12-31,Mercer,Furman,67.1,77.3,10.2,-1.5,8.7,145.3,155.5,10.2,TOTAL UNDER 155.5 (5.0%); SPREAD Furman -1.5 (5.0%)
2025-12-31,Tulane,East Carolina,73.0,75.3,2.3,1.5,3.8,146.1,144.5,1.6,SPREAD East Carolina +1.5 (5.0%)
2025-12-31,Wake Forest,NC State,71.9,67.4,-4.6,-9.5,14.1,139.2,158.5,19.3,TOTAL UNDER 158.5 (5.0%); SPREAD Wake Forest +9.5 (5.0%)
2025-12-31,Boston University,Navy,67.2,69.3,2.1,-4.5,2.4,135.6,137.5,1.9,SPREAD Boston University +4.5 (5.0%)
2025-12-31,Buffalo,Northern Illinois,72.7,73.3,0.6,6.5,7.1,146.1,152.5,6.4,TOTAL UNDER 152.5 (5.0%); SPREAD Northern Illinois +6.5 (5.0%)
2025-12-31,Loyola MD,American,65.4,70.1,4.8,-10.5,5.7,134.9,153.5,18.6,TOTAL UNDER 153.5 (5.0%); SPREAD Loyola MD +10.5 (5.0%)
2025-12-31,South Alabama,Louisiana,74.7,64.0,-10.8,2.5,8.3,137.0,124.5,12.5,TOTAL OVER 124.5 (5.0%); SPREAD South Alabama -2.5 (5.0%)
2025-12-31,UTSA,Florida Atlantic,80.8,84.9,4.1,-16.5,12.4,157.7,155.5,2.2,SPREAD UTSA +16.5 (5.0%)
2025-12-31,Wofford,Western Carolina,75.8,63.8,-11.9,1.5,10.4,140.0,153.5,13.5,TOTAL UNDER 153.5 (5.0%); SPREAD Wofford -1.5 (5.0%)
2025-12-31,Virginia,Virginia Tech,61.3,64.9,3.6,5.5,9.1,126.0,153.5,27.5,TOTAL UNDER 153.5 (5.0%); SPREAD Virginia Tech +5.5 (5.0%)
2025-12-31,Appalachian St.,Old Dominion,62.4,62.5,0.1,-2.5,2.4,125.3,137.5,12.2,TOTAL UNDER 137.5 (5.0%); SPREAD Appalachian St. +2.5 (5.0%)
2025-12-31,Bucknell,Holy Cross,73.1,65.7,-7.4,2.5,4.9,139.0,136.5,2.5,SPREAD Bucknell -2.5 (5.0%)
2025-12-31,Campbell,Monmouth,70.8,74.5,3.7,-1.5,2.2,144.9,152.5,7.6,TOTAL UNDER 152.5 (5.0%); SPREAD Monmouth -1.5 (5.0%)
2025-12-31,Charleston,Elon,72.4,73.9,1.6,-3.5,1.9,146.3,156.5,10.2,TOTAL UNDER 156.5 (5.0%)
2025-12-31,Charleston Southern,Gardner-Webb,66.3,74.2,7.9,12.5,20.4,139.7,162.5,22.8,TOTAL UNDER 162.5 (5.0%); SPREAD Gardner-Webb +12.5 (5.0%)
2025-12-31,Clemson,Syracuse,79.7,66.6,-13.1,1.5,11.6,144.0,141.5,2.5,SPREAD Clemson -1.5 (5.0%)
2025-12-31,Fordham,Dayton,73.0,81.8,8.8,-16.5,7.7,150.3,138.5,11.8,TOTAL OVER 138.5 (5.0%); SPREAD Fordham +16.5 (5.0%)
2025-12-31,George Mason,La Salle,75.0,62.4,-12.6,9.5,3.1,137.3,136.5,0.8,SPREAD George Mason -9.5 (5.0%)
2025-12-31,High Point,UNC Asheville,88.1,79.7,-8.4,12.5,4.1,148.2,155.5,7.3,SPREAD UNC Asheville +12.5 (5.0%)
2025-12-31,NJIT,Penn,64.2,71.5,7.3,-14.5,7.2,135.3,150.5,15.2,TOTAL UNDER 150.5 (5.0%); SPREAD NJIT +14.5 (5.0%)
2025-12-31,Radford,USC Upstate,76.3,66.5,-9.7,-1.5,11.2,142.9,158.5,15.6,TOTAL UNDER 158.5 (5.0%); SPREAD Radford +1.5 (5.0%)
2025-12-31,Rice,Tulsa,69.0,65.4,-3.6,-13.5,17.1,135.1,153.5,18.4,TOTAL UNDER 153.5 (5.0%); SPREAD Rice +13.5 (5.0%)
2025-12-31,St. Bonaventure,VCU,61.7,78.0,16.2,-10.5,5.7,139.2,156.5,17.3,TOTAL UNDER 156.5 (5.0%); SPREAD VCU -10.5 (5.0%)
2025-12-31,Stony Brook,William & Mary,68.2,79.4,11.2,-10.5,0.7,145.5,157.5,12.0,TOTAL UNDER 157.5 (5.0%)
2025-12-31,Texas St.,Troy,65.0,81.8,16.8,-8.5,8.3,143.5,144.5,1.0,SPREAD Troy -8.5 (5.0%)
2025-12-31,Towson,Hampton,69.7,71.2,1.6,5.5,7.1,136.8,136.5,0.3,SPREAD Hampton +5.5 (5.0%)
2025-12-31,Colgate,Lafayette,69.7,70.6,1.0,6.5,7.5,140.7,147.5,6.8,TOTAL UNDER 147.5 (5.0%); SPREAD Lafayette +6.5 (5.0%)
2025-12-31,Northeastern,North Carolina A&T,78.7,66.6,-12.1,3.5,8.6,145.5,155.5,10.0,TOTAL UNDER 155.5 (5.0%); SPREAD Northeastern -3.5 (5.0%)
2025-12-31,Winthrop,Longwood,84.5,85.8,1.3,8.5,9.8,164.6,161.5,3.1,TOTAL OVER 161.5 (5.0%); SPREAD Longwood +8.5 (5.0%)
2025-12-31,George Washington,Richmond,73.3,61.8,-11.6,3.5,8.1,135.7,161.5,25.8,TOTAL UNDER 161.5 (5.0%); SPREAD George Washington -3.5 (5.0%)
2025-12-31,Georgia St.,Marshall,72.9,83.6,10.8,-13.5,2.7,155.4,153.5,1.9,SPREAD Georgia St. +13.5 (5.0%)
2025-12-31,Georgia Tech,Duke,63.0,100.6,37.6,-27.5,10.1,148.3,153.5,5.2,SPREAD Duke -27.5 (5.0%)
2025-12-31,Kansas City,Denver,69.2,64.3,-4.9,-10.5,15.4,133.0,157.5,24.5,TOTAL UNDER 157.5 (5.0%); SPREAD Kansas City +10.5 (5.0%)
2025-12-31,North Texas,Memphis,63.2,70.4,7.2,-10.5,3.3,133.2,135.5,2.3,SPREAD North Texas +10.5 (5.0%)
2025-12-31,Saint Joseph's,Saint Louis,72.3,70.2,-2.0,-20.5,22.5,142.6,159.5,16.9,TOTAL UNDER 159.5 (5.0%); SPREAD Saint Joseph's +20.5 (5.0%)
2025-12-31,Wichita St.,UAB,80.2,84.1,3.8,-3.5,0.3,156.2,149.5,6.7,TOTAL OVER 149.5 (5.0%)
2025-12-31,New Orleans,Texas A&M Corpus Chris,67.3,82.9,15.6,-4.5,11.1,150.1,144.5,5.6,TOTAL OVER 144.5 (5.0%); SPREAD Texas A&M Corpus Chris -4.5 (5.0%)
2025-12-31,Stephen F. Austin,Northwestern St.,61.7,63.2,1.5,8.5,10.0,125.4,140.5,15.1,TOTAL UNDER 140.5 (5.0%); SPREAD Northwestern St. +8.5 (5.0%)
2025-12-31,UConn,Xavier,74.2,73.9,-0.2,12.5,12.3,142.2,145.5,3.3,SPREAD Xavier +12.5 (5.0%)
2025-12-31,South Dakota,North Dakota St.,80.4,84.5,4.2,-11.5,7.3,149.5,163.5,14.0,SPREAD South Dakota +11.5 (5.0%)
2025-12-31,DePaul,Villanova,67.3,76.0,8.8,-12.5,3.7,139.3,135.5,3.8,TOTAL OVER 135.5 (5.0%); SPREAD DePaul +12.5 (5.0%)
2025-12-31,Drexel,UNC Wilmington,60.6,71.0,10.4,-11.5,1.1,132.2,139.5,7.3,TOTAL UNDER 139.5 (5.0%)
2025-12-31,St. John's,Georgetown,81.5,70.2,-11.3,8.5,2.8,151.3,154.5,3.2,TOTAL UNDER 154.5 (5.0%); SPREAD St. John's -8.5 (5.0%)
2025-12-31,Army,Lehigh,70.9,75.2,4.2,-4.5,0.3,146.0,142.5,3.5,TOTAL OVER 142.5 (5.0%)
2025-12-31,Lamar,East Texas A&M,65.8,62.9,-2.8,5.5,2.7,129.1,142.5,13.4,TOTAL UNDER 142.5 (5.0%); SPREAD East Texas A&M +5.5 (5.0%)
2025-12-31,Loyola Chicago,Rhode Island,75.8,74.8,-1.1,-8.5,9.6,150.8,146.5,4.3,TOTAL OVER 146.5 (5.0%); SPREAD Loyola Chicago +8.5 (5.0%)
2025-12-31,Mercer,Furman,67.3,77.6,10.4,-1.5,8.9,144.6,155.5,10.9,TOTAL UNDER 155.5 (5.0%); SPREAD Furman -1.5 (5.0%)
2025-12-31,Tulane,East Carolina,73.4,75.1,1.8,1.5,3.3,146.1,144.5,1.6,SPREAD East Carolina +1.5 (5.0%)
2025-12-31,Wake Forest,NC State,72.0,67.4,-4.6,-9.5,14.1,139.1,158.5,19.4,TOTAL UNDER 158.5 (5.0%); SPREAD Wake Forest +9.5 (5.0%)
2025-12-31,Boston University,Navy,66.0,68.9,2.9,-4.5,1.6,134.8,137.5,2.7,
2025-12-31,Buffalo,Northern Illinois,72.0,73.4,1.5,6.5,8.0,146.1,152.5,6.4,TOTAL UNDER 152.5 (5.0%); SPREAD Northern Illinois +6.5 (5.0%)
2025-12-31,Loyola MD,American,64.9,70.2,5.3,-10.5,5.2,135.8,153.5,17.7,TOTAL UNDER 153.5 (5.0%); SPREAD Loyola MD +10.5 (5.0%)
2025-12-31,South Alabama,Louisiana,75.3,63.7,-11.6,2.5,9.1,137.0,124.5,12.5,TOTAL OVER 124.5 (5.0%); SPREAD South Alabama -2.5 (5.0%)
2025-12-31,UTSA,Florida Atlantic,80.6,85.1,4.5,-16.5,12.0,157.7,155.5,2.2,SPREAD UTSA +16.5 (5.0%)
2025-12-31,Wofford,Western Carolina,76.1,64.1,-12.0,1.5,10.5,140.1,153.5,13.4,TOTAL UNDER 153.5 (5.0%); SPREAD Wofford -1.5 (5.0%)
2025-12-31,Virginia,Virginia Tech,61.4,65.2,3.8,5.5,9.3,126.2,153.5,27.3,TOTAL UNDER 153.5 (5.0%); SPREAD Virginia Tech +5.5 (5.0%)
2025-12-31,Appalachian St.,Old Dominion,62.4,62.5,0.1,-2.5,2.4,124.8,137.5,12.7,TOTAL UNDER 137.5 (5.0%); SPREAD Appalachian St. +2.5 (5.0%)
2025-12-31,Bucknell,Holy Cross,72.7,65.8,-6.9,2.5,4.4,138.8,136.5,2.3,SPREAD Bucknell -2.5 (5.0%)
2025-12-31,Campbell,Monmouth,70.8,74.5,3.7,-1.5,2.2,144.9,152.5,7.6,TOTAL UNDER 152.5 (5.0%); SPREAD Monmouth -1.5 (5.0%)
2025-12-31,Charleston,Elon,71.9,73.8,1.9,-3.5,1.6,145.7,156.5,10.8,TOTAL UNDER 156.5 (5.0%)
2025-12-31,Charleston Southern,Gardner-Webb,66.2,74.2,8.0,12.5,20.5,140.2,162.5,22.3,TOTAL UNDER 162.5 (5.0%); SPREAD Gardner-Webb +12.5 (5.0%)
2025-12-31,Clemson,Syracuse,79.8,66.5,-13.3,1.5,11.8,144.0,141.5,2.5,SPREAD Clemson -1.5 (5.0%)
2025-12-31,Fordham,Dayton,73.2,81.6,8.5,-16.5,8.0,150.3,138.5,11.8,TOTAL OVER 138.5 (5.0%); SPREAD Fordham +16.5 (5.0%)
2025-12-31,George Mason,La Salle,75.1,62.2,-12.9,9.5,3.4,137.3,136.5,0.8,SPREAD George Mason -9.5 (5.0%)
2025-12-31,High Point,UNC Asheville,87.8,79.7,-8.1,12.5,4.4,148.2,155.5,7.3,SPREAD UNC Asheville +12.5 (5.0%)
2025-12-31,NJIT,Penn,64.4,71.4,7.0,-14.5,7.5,135.7,150.5,14.8,TOTAL UNDER 150.5 (5.0%); SPREAD NJIT +14.5 (5.0%)
2025-12-31,Radford,USC Upstate,76.5,66.6,-9.8,-1.5,11.3,143.1,158.5,15.4,TOTAL UNDER 158.5 (5.0%); SPREAD Radford +1.5 (5.0%)
2025-12-31,Rice,Tulsa,69.2,66.1,-3.1,-13.5,16.6,135.1,153.5,18.4,TOTAL UNDER 153.5 (5.0%); SPREAD Rice +13.5 (5.0%)
2025-12-31,St. Bonaventure,VCU,61.6,77.6,16.1,-10.5,5.6,139.6,156.5,16.9,TOTAL UNDER 156.5 (5.0%); SPREAD VCU -10.5 (5.0%)
2025-12-31,Stony Brook,William & Mary,68.8,79.4,10.6,-10.5,0.1,145.5,157.5,12.0,TOTAL UNDER 157.5 (5.0%)
2025-12-31,Texas St.,Troy,64.7,81.5,16.7,-8.5,8.2,143.5,144.5,1.0,SPREAD Troy -8.5 (5.0%)
2025-12-31,Towson,Hampton,69.4,71.0,1.6,5.5,7.1,136.8,136.5,0.3,SPREAD Hampton +5.5 (5.0%)
2025-12-31,Colgate,Lafayette,69.8,70.7,0.9,6.5,7.4,140.0,147.5,7.5,TOTAL UNDER 147.5 (5.0%); SPREAD Lafayette +6.5 (5.0%)
2025-12-31,Northeastern,North Carolina A&T,78.5,66.7,-11.9,3.5,8.4,145.4,155.5,10.1,TOTAL UNDER 155.5 (5.0%); SPREAD Northeastern -3.5 (5.0%)
2025-12-31,Winthrop,Longwood,84.4,86.0,1.6,8.5,10.1,164.6,161.5,3.1,TOTAL OVER 161.5 (5.0%); SPREAD Longwood +8.5 (5.0%)
2025-12-31,George Washington,Richmond,73.6,61.9,-11.7,3.5,8.2,135.6,161.5,25.9,TOTAL UNDER 161.5 (5.0%); SPREAD George Washington -3.5 (5.0%)
2025-12-31,Georgia St.,Marshall,72.7,83.8,11.1,-13.5,2.4,155.4,153.5,1.9,SPREAD Georgia St. +13.5 (5.0%)
2025-12-31,Georgia Tech,Duke,63.4,100.8,37.4,-27.5,9.9,148.3,153.5,5.2,SPREAD Duke -27.5 (5.0%)
2025-12-31,Kansas City,Denver,69.2,64.0,-5.3,-10.5,15.8,134.0,157.5,23.5,TOTAL UNDER 157.5 (5.0%); SPREAD Kansas City +10.5 (5.0%)
2025-12-31,North Texas,Memphis,63.2,70.6,7.3,-10.5,3.2,133.4,135.5,2.1,SPREAD North Texas +10.5 (5.0%)
2025-12-31,Saint Joseph's,Saint Louis,72.8,70.4,-2.4,-20.5,22.9,143.0,159.5,16.5,TOTAL UNDER 159.5 (5.0%); SPREAD Saint Joseph's +20.5 (5.0%)
2025-12-31,Wichita St.,UAB,79.7,84.2,4.5,-3.5,1.0,156.2,149.5,6.7,TOTAL OVER 149.5 (5.0%)
2025-12-31,New Orleans,Texas A&M Corpus Chris,67.1,83.1,16.0,-4.5,11.5,150.1,144.5,5.6,TOTAL OVER 144.5 (5.0%); SPREAD Texas A&M Corpus Chris -4.5 (5.0%)
2025-12-31,Stephen F. Austin,Northwestern St.,61.7,63.5,1.7,8.5,10.2,125.8,140.5,14.7,TOTAL UNDER 140.5 (5.0%); SPREAD Northwestern St. +8.5 (5.0%)
2025-12-31,UConn,Xavier,74.7,73.8,-0.8,12.5,11.7,142.2,145.5,3.3,SPREAD Xavier +12.5 (5.0%)
2025-12-31,South Dakota,North Dakota St.,79.8,84.2,4.5,-11.5,7.0,149.5,163.5,14.0,SPREAD South Dakota +11.5 (5.0%)
2025-12-31,DePaul,Villanova,67.3,76.1,8.8,-12.5,3.7,139.3,135.5,3.8,TOTAL OVER 135.5 (5.0%); SPREAD DePaul +12.5 (5.0%)
2025-12-31,Drexel,UNC Wilmington,60.7,71.2,10.5,-11.5,1.0,132.1,139.5,7.4,TOTAL UNDER 139.5 (5.0%)
2025-12-31,St. John's,Georgetown,81.3,69.8,-11.5,8.5,3.0,151.8,154.5,2.7,SPREAD St. John's -8.5 (5.0%)
2026-01-01,Georgia Southern,Coastal Carolina,72.1,61.9,-10.2,-1.5,11.7,133.5,157.5,24.0,TOTAL UNDER 157.5 (5.0%); SPREAD Georgia Southern +1.5 (5.0%)
2026-01-01,Oakland,Youngstown State,68.3,69.2,1.0,-2.5,1.5,137.4,156.5,19.1,TOTAL UNDER 156.5 (5.0%)
2026-01-01,Samford,VMI,88.0,73.9,-14.1,6.5,7.6,158.6,150.5,8.1,TOTAL OVER 150.5 (5.0%); SPREAD Samford -6.5 (5.0%)
2026-01-01,Stetson,North Alabama,66.1,84.1,18.0,-9.5,8.5,148.0,142.5,5.5,TOTAL OVER 142.5 (5.0%); SPREAD North Alabama -9.5 (5.0%)
2026-01-01,Florida Gulf Coast,Central Arkansas,72.1,67.6,-4.5,2.5,2.0,140.1,156.5,16.4,TOTAL UNDER 156.5 (5.0%); SPREAD Florida Gulf Coast -2.5 (5.0%)
2026-01-01,Green Bay,Purdue Fort Wayne,71.6,88.1,16.5,-7.5,9.0,157.7,147.5,10.2,TOTAL OVER 147.5 (5.0%); SPREAD Purdue Fort Wayne -7.5 (5.0%)
2026-01-01,IUPUI,Northern Kentucky,69.8,81.0,11.2,-13.5,2.3,140.6,176.5,35.9,TOTAL UNDER 176.5 (5.0%); SPREAD IUPUI +13.5 (5.0%)
2026-01-01,Jacksonville,Lipscomb,70.0,71.5,1.5,-12.5,11.0,141.0,147.5,6.5,TOTAL UNDER 147.5 (5.0%); SPREAD Jacksonville +12.5 (5.0%)
2026-01-01,Milwaukee,Wright State,81.8,73.1,-8.7,-6.5,15.2,152.0,147.5,4.5,TOTAL OVER 147.5 (5.0%); SPREAD Milwaukee +6.5 (5.0%)
2026-01-01,Oral Roberts,North Dakota,73.3,86.8,13.5,-1.5,12.0,152.3,146.5,5.8,TOTAL OVER 146.5 (5.0%); SPREAD North Dakota -1.5 (5.0%)
2026-01-01,California Baptist,UT Arlington,73.6,72.9,-0.7,2.5,1.8,145.7,134.5,11.2,TOTAL OVER 134.5 (5.0%)
2026-01-01,Evansville,Illinois State,67.0,74.5,7.5,-13.5,6.0,141.5,144.5,3.0,TOTAL UNDER 144.5 (5.0%); SPREAD Evansville +13.5 (5.0%)
2026-01-01,Valparaiso,Southern Illinois,72.5,78.7,6.2,-7.5,1.3,151.5,147.5,4.0,TOTAL OVER 147.5 (5.0%)
2026-01-01,Chattanooga,UNC Greensboro,72.8,73.5,0.7,1.5,2.2,139.4,147.5,8.1,TOTAL UNDER 147.5 (5.0%); SPREAD UNC Greensboro +1.5 (5.0%)
2026-01-01,Portland State,Weber State,74.2,68.4,-5.8,-0.5,6.3,142.8,150.5,7.7,TOTAL UNDER 150.5 (5.0%); SPREAD Portland State +0.5 (5.0%)
2026-01-01,Morehead State,Lindenwood,62.0,68.7,6.7,-7.5,0.8,130.9,150.5,19.6,TOTAL UNDER 150.5 (5.0%)
2026-01-01,UC Irvine,Cal State Bakersfield,78.3,69.5,-8.8,10.5,1.7,147.0,143.5,3.5,TOTAL OVER 143.5 (5.0%)
2026-01-01,Omaha,South Dakota State,76.6,80.9,4.3,-7.5,3.2,152.8,151.5,1.3,SPREAD Omaha +7.5 (5.0%)
2026-01-01,Northern Arizona,Montana,72.2,79.5,7.3,-5.5,1.8,147.1,148.5,1.4,
2026-01-01,Bellarmine,West Georgia,76.1,75.1,-1.0,1.5,0.5,147.7,152.5,4.8,TOTAL UNDER 152.5 (4.8%)
2026-01-01,Bradley,Belmont,74.9,78.1,3.1,-4.5,1.4,152.1,153.5,1.4,
2026-01-01,Eastern Kentucky,Queens University,79.3,81.2,1.9,-4.5,2.6,151.8,164.5,12.7,TOTAL UNDER 164.5 (5.0%); SPREAD Eastern Kentucky +4.5 (5.0%)
2026-01-01,Hawaii,UC Riverside,67.5,73.3,5.9,7.5,13.4,140.8,150.5,9.7,TOTAL UNDER 150.5 (5.0%); SPREAD UC Riverside +7.5 (5.0%)
2026-01-01,Indiana State,Northern Iowa,71.5,78.0,6.4,-9.5,3.1,148.1,134.5,13.6,TOTAL OVER 134.5 (5.0%); SPREAD Indiana State +9.5 (5.0%)
2026-01-01,North Florida,Austin Peay,77.3,79.6,2.3,-14.5,12.2,150.1,162.5,12.4,TOTAL UNDER 162.5 (5.0%); SPREAD North Florida +14.5 (5.0%)
2026-01-01,Utah Tech,Abilene Christian,64.2,79.3,15.0,-5.5,9.5,143.3,138.5,4.8,TOTAL OVER 138.5 (5.0%); SPREAD Abilene Christian -5.5 (5.0%)
2026-01-01,Utah Valley,Tarleton State,61.4,67.1,5.7,3.5,9.2,128.8,147.5,18.7,TOTAL UNDER 147.5 (5.0%); SPREAD Tarleton State +3.5 (5.0%)
2026-01-01,Murray State,Illinois Chicago,71.9,72.2,0.3,6.5,6.8,144.2,158.5,14.3,TOTAL UNDER 158.5 (5.0%); SPREAD Illinois Chicago +6.5 (5.0%)
2026-01-01,Northern Colorado,Montana State,75.8,73.9,-1.9,-2.5,4.4,148.5,150.5,2.0,SPREAD Northern Colorado +2.5 (5.0%)
2026-01-01,Sacramento State,Idaho State,64.2,75.3,11.1,-10.5,0.6,139.6,150.5,10.9,TOTAL UNDER 150.5 (5.0%)
2026-01-01,UC San Diego,Cal Poly,83.2,71.9,-11.3,8.5,2.8,151.0,171.5,20.5,TOTAL UNDER 171.5 (5.0%); SPREAD UC San Diego -8.5 (5.0%)
2026-01-01,Georgia Southern,Coastal Carolina,72.1,61.9,-10.2,-1.5,11.7,134.0,157.5,23.5,TOTAL UNDER 157.5 (5.0%); SPREAD Georgia Southern +1.5 (5.0%)
2026-01-01,Oakland,Youngstown State,67.9,69.2,1.3,-2.5,1.2,137.2,156.5,19.3,TOTAL UNDER 156.5 (5.0%)
2026-01-01,Samford,VMI,87.7,73.5,-14.2,6.5,7.7,158.6,150.5,8.1,TOTAL OVER 150.5 (5.0%); SPREAD Samford -6.5 (5.0%)
2026-01-01,Stetson,North Alabama,66.0,84.0,18.0,-9.5,8.5,148.0,142.5,5.5,TOTAL OVER 142.5 (5.0%); SPREAD North Alabama -9.5 (5.0%)
2026-01-01,Florida Gulf Coast,Central Arkansas,72.0,67.7,-4.3,2.5,1.8,139.6,156.5,16.9,TOTAL UNDER 156.5 (5.0%)
2026-01-01,Green Bay,Purdue Fort Wayne,71.7,88.1,16.4,-7.5,8.9,157.7,147.5,10.2,TOTAL OVER 147.5 (5.0%); SPREAD Purdue Fort Wayne -7.5 (5.0%)
2026-01-01,IUPUI,Northern Kentucky,69.8,80.9,11.2,-13.5,2.3,140.6,176.5,35.9,TOTAL UNDER 176.5 (5.0%); SPREAD IUPUI +13.5 (5.0%)
2026-01-01,Jacksonville,Lipscomb,70.0,71.2,1.2,-12.5,11.3,141.4,147.5,6.1,TOTAL UNDER 147.5 (5.0%); SPREAD Jacksonville +12.5 (5.0%)
2026-01-01,Milwaukee,Wright State,82.0,73.6,-8.5,-6.5,15.0,152.0,147.5,4.5,TOTAL OVER 147.5 (5.0%); SPREAD Milwaukee +6.5 (5.0%)
2026-01-01,Oral Roberts,North Dakota,73.9,86.9,13.0,-1.5,11.5,152.3,146.5,5.8,TOTAL OVER 146.5 (5.0%); SPREAD North Dakota -1.5 (5.0%)
2026-01-01,California Baptist,UT Arlington,72.9,72.9,0.0,2.5,2.5,145.7,134.5,11.2,TOTAL OVER 134.5 (5.0%); SPREAD UT Arlington +2.5 (5.0%)
2026-01-01,Evansville,Illinois State,67.0,74.4,7.4,-13.5,6.1,141.2,144.5,3.3,TOTAL UNDER 144.5 (5.0%); SPREAD Evansville +13.5 (5.0%)
2026-01-01,Valparaiso,Southern Illinois,72.9,79.0,6.0,-7.5,1.5,151.1,147.5,3.6,TOTAL OVER 147.5 (5.0%)
2026-01-01,Chattanooga,UNC Greensboro,72.8,74.0,1.2,1.5,2.7,139.4,147.5,8.1,TOTAL UNDER 147.5 (2.8%); SPREAD UNC Greensboro +1.5 (5.0%)
2026-01-01,Portland State,Weber State,74.0,69.2,-4.8,-0.5,5.3,142.9,150.5,7.6,TOTAL UNDER 150.5 (5.0%); SPREAD Portland State +0.5 (5.0%)
2026-01-01,Morehead State,Lindenwood,62.4,68.6,6.2,-7.5,1.3,130.9,150.5,19.6,TOTAL UNDER 150.5 (5.0%)
2026-01-01,Southern Indiana,SIU Edwardsville,63.6,74.5,10.8,-10.5,0.3,138.2,136.5,1.7,
2026-01-01,Western Illinois,Tennessee-Martin,61.9,74.6,12.7,-13.5,0.8,136.5,137.5,1.0,
2026-01-01,UC Irvine,Cal State Bakersfield,78.2,69.3,-8.9,10.5,1.6,147.3,143.5,3.8,TOTAL OVER 143.5 (5.0%)
2026-01-01,Omaha,South Dakota State,76.6,80.5,3.9,-7.5,3.6,152.8,151.5,1.3,SPREAD Omaha +7.5 (5.0%)
2026-01-01,Northern Arizona,Montana,72.4,79.6,7.2,-5.5,1.7,147.1,148.5,1.4,
2026-01-01,Tennessee Tech,Arkansas Little Rock,60.7,76.9,16.2,-0.5,15.7,137.3,143.5,6.2,TOTAL UNDER 143.5 (5.0%); SPREAD Arkansas Little Rock -0.5 (5.0%)
2026-01-01,Bellarmine,West Georgia,75.6,75.2,-0.4,1.5,1.1,147.7,152.5,4.8,TOTAL UNDER 152.5 (5.0%)
2026-01-01,Bradley,Belmont,74.8,78.3,3.6,-4.5,0.9,152.1,153.5,1.4,
2026-01-01,Eastern Kentucky,Queens University,78.9,81.2,2.3,-4.5,2.2,151.8,164.5,12.7,TOTAL UNDER 164.5 (5.0%); SPREAD Eastern Kentucky +4.5 (5.0%)
2026-01-01,Hawaii,UC Riverside,67.7,73.0,5.3,7.5,12.8,140.1,150.5,10.4,TOTAL UNDER 150.5 (5.0%); SPREAD UC Riverside +7.5 (5.0%)
2026-01-01,Indiana State,Northern Iowa,71.2,77.9,6.7,-9.5,2.8,148.1,134.5,13.6,TOTAL OVER 134.5 (5.0%); SPREAD Indiana State +9.5 (5.0%)
2026-01-01,North Florida,Austin Peay,77.1,79.2,2.1,-14.5,12.4,150.1,162.5,12.4,TOTAL UNDER 162.5 (5.0%); SPREAD North Florida +14.5 (5.0%)
2026-01-01,Utah Tech,Abilene Christian,63.9,79.3,15.4,-5.5,9.9,143.7,138.5,5.2,TOTAL OVER 138.5 (5.0%); SPREAD Abilene Christian -5.5 (5.0%)
2026-01-01,Utah Valley,Tarleton State,62.0,66.7,4.7,3.5,8.2,128.9,147.5,18.6,TOTAL UNDER 147.5 (5.0%); SPREAD Tarleton State +3.5 (5.0%)
2026-01-01,Murray State,Illinois Chicago,71.9,72.5,0.6,6.5,7.1,144.3,158.5,14.2,TOTAL UNDER 158.5 (5.0%); SPREAD Illinois Chicago +6.5 (5.0%)
2026-01-01,Northern Colorado,Montana State,75.9,74.2,-1.7,-2.5,4.2,148.5,150.5,2.0,SPREAD Northern Colorado +2.5 (5.0%)
2026-01-01,Sacramento State,Idaho State,64.1,74.9,10.8,-10.5,0.3,139.3,150.5,11.2,TOTAL UNDER 150.5 (5.0%)
2026-01-01,UC San Diego,Cal Poly,83.1,72.1,-11.0,8.5,2.5,151.0,171.5,20.5,TOTAL UNDER 171.5 (5.0%); SPREAD UC San Diego -8.5 (5.0%)
2026-01-01,UC Santa Barbara,CSU Fullerton,72.5,63.2,-9.4,4.5,4.9,135.9,159.5,23.6,TOTAL UNDER 159.5 (5.0%); SPREAD UC Santa Barbara -4.5 (5.0%)
2026-01-02,New Mexico St.,FIU,64.3,67.5,3.2,1.5,4.7,132.1,155.5,23.4,TOTAL UNDER 155.5 (5.0%); SPREAD FIU +1.5 (5.0%)
2026-01-02,New Mexico St.,FIU,64.1,67.4,3.3,1.5,4.8,131.9,155.5,23.6,TOTAL UNDER 155.5 (5.0%); SPREAD FIU +1.5 (5.0%)
2026-01-02,Fairfield,Canisius,71.9,70.1,-1.8,6.5,4.7,142.0,138.5,3.5,TOTAL OVER 138.5 (5.0%); SPREAD Canisius +6.5 (5.0%)
2026-01-02,Sacred Heart,Niagara,75.5,71.5,-4.1,3.5,0.6,146.1,143.5,2.6,
2026-01-02,New Mexico St.,FIU,63.9,67.8,3.8,1.5,5.3,132.0,155.5,23.5,TOTAL UNDER 155.5 (5.0%); SPREAD FIU +1.5 (5.0%)
2026-01-02,Fairfield,Canisius,71.4,70.0,-1.4,6.5,5.1,141.9,138.5,3.4,TOTAL OVER 138.5 (5.0%); SPREAD Canisius +6.5 (5.0%)
2026-01-02,Sacred Heart,Niagara,74.9,72.1,-2.7,3.5,0.8,146.1,143.5,2.6,
2026-01-02,New Mexico St.,FIU,64.7,67.9,3.2,1.5,4.7,132.7,155.5,22.8,TOTAL UNDER 155.5 (5.0%); SPREAD FIU +1.5 (5.0%)
2026-01-02,Fairfield,Canisius,71.9,70.3,-1.6,6.5,4.9,142.4,138.5,3.9,TOTAL OVER 138.5 (5.0%); SPREAD Canisius +6.5 (5.0%)
2026-01-02,Sacred Heart,Niagara,75.1,71.7,-3.4,3.5,0.1,146.1,143.5,2.6,
2026-01-02,Sam Houston St.,Western Kentucky,78.7,77.8,-0.8,-4.5,5.3,157.1,166.5,9.4,TOTAL UNDER 166.5 (5.0%); SPREAD Sam Houston St. +4.5 (5.0%)
2026-01-02,New Mexico St.,FIU,64.3,67.9,3.6,1.5,5.1,131.9,155.5,23.6,TOTAL UNDER 155.5 (5.0%); SPREAD FIU +1.5 (5.0%)
2026-01-02,Fairfield,Canisius,71.7,70.0,-1.6,6.5,4.9,142.0,138.5,3.5,TOTAL OVER 138.5 (5.0%); SPREAD Canisius +6.5 (5.0%)
2026-01-02,Sacred Heart,Niagara,75.2,71.3,-3.9,3.5,0.4,146.1,143.5,2.6,
2026-01-02,Sam Houston St.,Western Kentucky,78.9,77.8,-1.1,-4.5,5.6,156.9,166.5,9.6,TOTAL UNDER 166.5 (5.0%); SPREAD Sam Houston St. +4.5 (5.0%)
2026-01-02,USC,Michigan,70.3,80.9,10.6,-22.5,11.9,151.5,173.5,22.0,TOTAL UNDER 173.5 (5.0%); SPREAD USC +22.5 (5.0%)
2026-01-02,Central Connecticut,LIU,61.0,62.8,1.8,-6.5,4.7,124.2,144.5,20.3,TOTAL UNDER 144.5 (5.0%); SPREAD Central Connecticut +6.5 (5.0%)
2026-01-02,Jacksonville St.,Delaware,75.4,72.7,-2.8,2.5,0.3,145.8,127.5,18.3,TOTAL OVER 127.5 (5.0%)
2026-01-02,Kennesaw St.,Liberty,69.0,73.8,4.8,-7.5,2.7,142.6,155.5,12.9,TOTAL UNDER 155.5 (5.0%); SPREAD Kennesaw St. +7.5 (5.0%)
2026-01-02,Lamar,McNeese,62.9,75.1,12.2,-16.5,4.3,137.9,143.5,5.6,TOTAL UNDER 143.5 (5.0%); SPREAD Lamar +16.5 (5.0%)
2026-01-02,Marist,St. Peter's,55.9,61.5,5.6,2.5,8.1,117.6,133.5,15.9,TOTAL UNDER 133.5 (5.0%); SPREAD St. Peter's +2.5 (5.0%)
2026-01-02,Quinnipiac,Manhattan,79.9,79.2,-0.7,6.5,5.8,158.9,157.5,1.4,SPREAD Manhattan +6.5 (5.0%)
2026-01-02,Robert Morris,Detroit Mercy,76.8,64.4,-12.4,2.5,9.9,141.5,148.5,7.0,TOTAL UNDER 148.5 (5.0%); SPREAD Robert Morris -2.5 (5.0%)
2026-01-02,Siena,Iona,67.6,77.8,10.3,-0.5,9.8,145.6,148.5,2.9,SPREAD Iona -0.5 (5.0%)
2026-01-02,New Mexico St.,FIU,64.2,68.0,3.7,1.5,5.2,132.5,155.5,23.0,TOTAL UNDER 155.5 (5.0%); SPREAD FIU +1.5 (5.0%)
2026-01-02,Fairfield,Canisius,71.8,70.5,-1.3,6.5,5.2,141.8,138.5,3.3,TOTAL OVER 138.5 (5.0%); SPREAD Canisius +6.5 (5.0%)
2026-01-02,Sacred Heart,Niagara,74.9,71.9,-3.0,3.5,0.5,146.1,143.5,2.6,
2026-01-02,Sam Houston St.,Western Kentucky,78.6,77.9,-0.7,-4.5,5.2,157.0,166.5,9.5,TOTAL UNDER 166.5 (5.0%); SPREAD Sam Houston St. +4.5 (5.0%)
2026-01-02,USC,Michigan,70.1,81.2,11.1,-22.5,11.4,151.0,173.5,22.5,TOTAL UNDER 173.5 (5.0%); SPREAD USC +22.5 (5.0%)
2026-01-02,Central Connecticut,LIU,60.7,62.9,2.2,-6.5,4.3,124.3,144.5,20.2,TOTAL UNDER 144.5 (5.0%); SPREAD Central Connecticut +6.5 (5.0%)
2026-01-02,Jacksonville St.,Delaware,75.7,73.2,-2.5,2.5,0.0,145.8,127.5,18.3,TOTAL OVER 127.5 (5.0%)
2026-01-02,Kennesaw St.,Liberty,68.9,73.6,4.8,-7.5,2.7,142.1,155.5,13.4,TOTAL UNDER 155.5 (5.0%); SPREAD Kennesaw St. +7.5 (5.0%)
2026-01-02,Lamar,McNeese,63.1,75.0,11.9,-16.5,4.6,137.9,143.5,5.6,TOTAL UNDER 143.5 (5.0%); SPREAD Lamar +16.5 (5.0%)
2026-01-02,Marist,St. Peter's,55.3,62.0,6.7,2.5,9.2,117.7,133.5,15.8,TOTAL UNDER 133.5 (5.0%); SPREAD St. Peter's +2.5 (5.0%)
2026-01-02,Quinnipiac,Manhattan,80.1,80.2,0.1,6.5,6.6,158.9,157.5,1.4,SPREAD Manhattan +6.5 (5.0%)
2026-01-02,Robert Morris,Detroit Mercy,76.8,64.1,-12.7,2.5,10.2,141.6,148.5,6.9,TOTAL UNDER 148.5 (5.0%); SPREAD Robert Morris -2.5 (5.0%)
2026-01-02,Siena,Iona,67.3,78.4,11.1,-0.5,10.6,145.6,148.5,2.9,SPREAD Iona -0.5 (5.0%)
2026-01-02,Wagner,Chicago St.,60.5,58.6,-1.9,-1.5,3.4,119.8,146.5,26.7,TOTAL UNDER 146.5 (5.0%); SPREAD Wagner +1.5 (5.0%)
2026-01-02,Fairleigh Dickinson,Mercyhurst,71.7,72.0,0.3,-6.5,6.2,143.2,148.5,5.3,TOTAL UNDER 148.5 (5.0%); SPREAD Fairleigh Dickinson +6.5 (5.0%)
2026-01-02,Louisiana Tech,Middle Tennessee,69.2,71.2,2.0,-6.5,4.5,140.2,148.5,8.3,TOTAL UNDER 148.5 (5.0%); SPREAD Louisiana Tech +6.5 (5.0%)
2026-01-02,Oregon,Maryland,74.1,80.9,6.8,2.5,9.3,154.6,149.5,5.1,TOTAL OVER 149.5 (5.0%); SPREAD Maryland +2.5 (5.0%)
2026-01-02,Louisville,Stanford,80.6,72.8,-7.8,9.5,1.7,149.5,157.5,8.0,TOTAL UNDER 157.5 (5.0%)
2026-01-02,Ohio St.,Rutgers,79.7,77.2,-2.5,9.5,7.0,151.1,150.5,0.6,SPREAD Rutgers +9.5 (5.0%)
2026-01-02,UTEP,Missouri St.,69.8,69.9,0.1,-3.5,3.4,139.1,131.5,7.6,TOTAL OVER 131.5 (5.0%); SPREAD UTEP +3.5 (5.0%)
2026-01-02,Michigan St.,Nebraska,74.7,69.4,-5.3,-2.5,7.8,143.9,144.5,0.6,SPREAD Michigan St. +2.5 (5.0%)
2026-01-02,Seattle,Gonzaga,71.9,101.1,29.3,-24.5,4.8,152.1,154.5,2.4,SPREAD Gonzaga -24.5 (5.0%)
2026-01-02,West Virginia,Iowa St.,63.4,76.7,13.3,-18.5,5.2,140.1,142.5,2.4,SPREAD West Virginia +18.5 (5.0%)
2026-01-02,Loyola Marymount,Washington St.,68.5,81.2,12.7,-2.5,10.2,150.2,142.5,7.7,TOTAL OVER 142.5 (5.0%); SPREAD Washington St. -2.5 (5.0%)
2026-01-02,Oregon St.,Pacific,75.4,65.9,-9.5,-4.5,14.0,138.9,138.5,0.4,SPREAD Oregon St. +4.5 (5.0%)
2026-01-02,Pepperdine,Santa Clara,71.2,89.6,18.4,-19.5,1.1,156.3,150.5,5.8,TOTAL OVER 150.5 (5.0%)
2026-01-02,Portland,Saint Mary's,55.2,91.0,35.9,-21.5,14.4,136.6,145.5,8.9,SPREAD Saint Mary's -21.5 (5.0%)
2026-01-02,San Diego,San Francisco,68.7,85.1,16.5,-10.5,6.0,153.6,149.5,4.1,TOTAL OVER 149.5 (5.0%); SPREAD San Francisco -10.5 (5.0%)
2026-01-02,Notre Dame,California,71.4,74.9,3.6,-4.5,0.9,143.4,137.5,5.9,TOTAL OVER 137.5 (5.0%)
2026-01-02,New Mexico St.,FIU,64.2,67.9,3.7,1.5,5.2,132.4,155.5,23.1,TOTAL UNDER 155.5 (5.0%); SPREAD FIU +1.5 (5.0%)
2026-01-02,Fairfield,Canisius,72.0,69.8,-2.2,6.5,4.3,141.9,138.5,3.4,TOTAL OVER 138.5 (5.0%); SPREAD Canisius +6.5 (5.0%)
2026-01-02,Mount St. Mary's,Merrimack,62.5,67.7,5.2,-4.5,0.7,130.4,141.5,11.1,TOTAL UNDER 141.5 (5.0%)
2026-01-02,Sacred Heart,Niagara,75.4,71.8,-3.6,3.5,0.1,146.1,143.5,2.6,
2026-01-02,Sam Houston St.,Western Kentucky,78.7,77.7,-0.9,-4.5,5.4,156.4,166.5,10.1,TOTAL UNDER 166.5 (5.0%); SPREAD Sam Houston St. +4.5 (5.0%)
2026-01-02,USC,Michigan,70.0,80.5,10.5,-22.5,12.0,151.1,173.5,22.4,TOTAL UNDER 173.5 (5.0%); SPREAD USC +22.5 (5.0%)
2026-01-02,Central Connecticut,LIU,61.1,62.9,1.7,-6.5,4.8,124.4,144.5,20.1,TOTAL UNDER 144.5 (5.0%); SPREAD Central Connecticut +6.5 (5.0%)
2026-01-02,Jacksonville St.,Delaware,75.5,72.5,-3.0,2.5,0.5,145.8,127.5,18.3,TOTAL OVER 127.5 (5.0%)
2026-01-02,Kennesaw St.,Liberty,68.9,73.7,4.9,-7.5,2.6,142.7,155.5,12.8,TOTAL UNDER 155.5 (5.0%); SPREAD Kennesaw St. +7.5 (5.0%)
2026-01-02,Lamar,McNeese,63.1,74.9,11.9,-16.5,4.6,137.7,143.5,5.8,TOTAL UNDER 143.5 (5.0%); SPREAD Lamar +16.5 (5.0%)
2026-01-02,Marist,St. Peter's,55.6,61.5,5.9,2.5,8.4,117.4,133.5,16.1,TOTAL UNDER 133.5 (5.0%); SPREAD St. Peter's +2.5 (5.0%)
2026-01-02,Quinnipiac,Manhattan,80.1,79.8,-0.3,6.5,6.2,158.9,157.5,1.4,SPREAD Manhattan +6.5 (5.0%)
2026-01-02,Robert Morris,Detroit Mercy,77.1,64.1,-13.1,2.5,10.6,141.3,148.5,7.2,TOTAL UNDER 148.5 (5.0%); SPREAD Robert Morris -2.5 (5.0%)
2026-01-02,Siena,Iona,67.2,78.1,10.9,-0.5,10.4,145.7,148.5,2.8,SPREAD Iona -0.5 (5.0%)
2026-01-02,Wagner,Chicago St.,60.7,59.4,-1.3,-1.5,2.8,119.6,146.5,26.9,TOTAL UNDER 146.5 (5.0%); SPREAD Wagner +1.5 (5.0%)
2026-01-02,Fairleigh Dickinson,Mercyhurst,71.4,72.1,0.8,-6.5,5.7,142.9,148.5,5.6,TOTAL UNDER 148.5 (5.0%); SPREAD Fairleigh Dickinson +6.5 (5.0%)
2026-01-02,Louisiana Tech,Middle Tennessee,68.9,71.2,2.3,-6.5,4.2,140.7,148.5,7.8,TOTAL UNDER 148.5 (5.0%); SPREAD Louisiana Tech +6.5 (5.0%)
2026-01-02,Oregon,Maryland,74.2,81.0,6.8,2.5,9.3,154.6,149.5,5.1,TOTAL OVER 149.5 (5.0%); SPREAD Maryland +2.5 (5.0%)
2026-01-02,Louisville,Stanford,80.4,73.0,-7.4,9.5,2.1,149.5,157.5,8.0,TOTAL UNDER 157.5 (5.0%); SPREAD Stanford +9.5 (5.0%)
2026-01-02,Ohio St.,Rutgers,79.9,77.3,-2.6,9.5,6.9,151.1,150.5,0.6,SPREAD Rutgers +9.5 (5.0%)
2026-01-02,UTEP,Missouri St.,70.2,70.0,-0.2,-3.5,3.7,138.8,131.5,7.3,TOTAL OVER 131.5 (5.0%); SPREAD UTEP +3.5 (5.0%)
2026-01-02,Michigan St.,Nebraska,74.9,69.3,-5.6,-2.5,8.1,143.7,144.5,0.8,SPREAD Michigan St. +2.5 (5.0%)
2026-01-02,Seattle,Gonzaga,72.2,100.8,28.7,-24.5,4.2,152.1,154.5,2.4,SPREAD Gonzaga -24.5 (5.0%)
2026-01-02,West Virginia,Iowa St.,63.4,76.2,12.8,-18.5,5.7,140.2,142.5,2.3,SPREAD West Virginia +18.5 (5.0%)
2026-01-02,Loyola Marymount,Washington St.,68.6,81.2,12.6,-2.5,10.1,150.0,142.5,7.5,TOTAL OVER 142.5 (5.0%); SPREAD Washington St. -2.5 (5.0%)
2026-01-02,Oregon St.,Pacific,75.2,66.2,-9.0,-4.5,13.5,138.9,138.5,0.4,SPREAD Oregon St. +4.5 (5.0%)
2026-01-02,Pepperdine,Santa Clara,71.3,89.5,18.2,-19.5,1.3,156.3,150.5,5.8,TOTAL OVER 150.5 (5.0%)
2026-01-02,Portland,Saint Mary's,55.1,91.2,36.1,-21.5,14.6,136.6,145.5,8.9,SPREAD Saint Mary's -21.5 (5.0%)
2026-01-02,San Diego,San Francisco,68.6,85.3,16.7,-10.5,6.2,153.4,149.5,3.9,TOTAL OVER 149.5 (5.0%); SPREAD San Francisco -10.5 (5.0%)
2026-01-02,Notre Dame,California,71.4,74.8,3.4,-4.5,1.1,143.4,137.5,5.9,TOTAL OVER 137.5 (5.0%)
2026-01-02,New Mexico St.,FIU,64.4,68.2,3.8,1.5,5.3,131.9,155.5,23.6,TOTAL UNDER 155.5 (5.0%); SPREAD FIU +1.5 (5.0%)
2026-01-02,Fairfield,Canisius,71.9,70.7,-1.2,6.5,5.3,142.0,138.5,3.5,TOTAL OVER 138.5 (5.0%); SPREAD Canisius +6.5 (5.0%)
2026-01-02,Mount St. Mary's,Merrimack,62.5,67.8,5.3,-4.5,0.8,130.7,141.5,10.8,TOTAL UNDER 141.5 (5.0%)
2026-01-02,New Mexico St.,FIU,76.3,81.7,5.4,1.5,6.9,153.5,155.5,2.0,SPREAD FIU +1.5 (5.0%)
2026-01-02,Fairfield,Canisius,67.2,69.4,2.2,6.5,8.7,136.6,138.5,1.9,SPREAD Canisius +6.5 (5.0%)
2026-01-02,Mount St. Mary's,Merrimack,64.5,68.9,4.4,-4.5,0.1,133.5,141.5,8.0,TOTAL UNDER 141.5 (5.0%)
2026-01-02,Sacred Heart,Niagara,71.7,66.5,-5.2,3.5,1.7,138.5,143.5,5.0,TOTAL UNDER 143.5 (5.0%)
2026-01-02,Sam Houston St.,Western Kentucky,90.6,88.0,-2.5,-4.5,7.0,167.8,166.5,1.3,SPREAD Sam Houston St. +4.5 (5.0%)
2026-01-02,USC,Michigan,78.6,96.9,18.3,-22.5,4.2,174.3,173.5,0.8,SPREAD USC +22.5 (5.0%)
2026-01-02,Central Connecticut,LIU,66.6,83.2,16.6,-6.5,10.1,149.2,144.5,4.7,TOTAL OVER 144.5 (5.0%); SPREAD LIU -6.5 (5.0%)
2026-01-02,Jacksonville St.,Delaware,63.4,63.2,-0.2,2.5,2.3,126.8,127.5,0.7,SPREAD Delaware +2.5 (5.0%)
2026-01-02,Kennesaw St.,Liberty,75.2,78.7,3.5,-7.5,4.0,149.0,155.5,6.5,TOTAL UNDER 155.5 (5.0%); SPREAD Kennesaw St. +7.5 (5.0%)
2026-01-02,Lamar,McNeese,67.8,86.3,18.5,-16.5,2.0,146.7,143.5,3.2,TOTAL OVER 143.5 (5.0%); SPREAD McNeese -16.5 (5.0%)
2026-01-02,Marist,St. Peter's,68.8,67.7,-1.1,2.5,1.4,136.4,133.5,2.9,
2026-01-02,New Haven,Stonehill,60.2,57.3,-2.9,-1.5,4.4,117.8,127.5,9.7,TOTAL UNDER 127.5 (5.0%); SPREAD New Haven +1.5 (5.0%)
2026-01-02,Quinnipiac,Manhattan,84.6,77.5,-7.2,6.5,0.7,161.1,157.5,3.6,TOTAL OVER 157.5 (5.0%)
2026-01-02,Robert Morris,Detroit Mercy,78.6,71.6,-7.1,2.5,4.6,148.6,148.5,0.1,SPREAD Robert Morris -2.5 (5.0%)
2026-01-02,Siena,Iona,74.7,74.8,0.1,-0.5,0.4,148.8,148.5,0.3,
2026-01-02,Wagner,Chicago St.,72.5,73.0,0.5,-1.5,1.0,145.5,146.5,1.0,
2026-01-02,Fairleigh Dickinson,Mercyhurst,66.8,71.9,5.1,-6.5,1.4,138.5,148.5,10.0,TOTAL UNDER 148.5 (5.0%)
2026-01-02,Louisiana Tech,Middle Tennessee,63.2,67.5,4.3,-6.5,2.2,130.7,148.5,17.8,TOTAL UNDER 148.5 (5.0%); SPREAD Louisiana Tech +6.5 (5.0%)
2026-01-02,Oregon,Maryland,74.2,74.3,0.0,2.5,2.5,148.8,149.5,0.7,SPREAD Maryland +2.5 (5.0%)
2026-01-02,Louisville,Stanford,89.5,83.4,-6.1,9.5,3.4,158.2,157.5,0.7,SPREAD Stanford +9.5 (5.0%)
2026-01-02,Ohio St.,Rutgers,79.3,73.0,-6.3,9.5,3.2,147.4,150.5,3.1,SPREAD Rutgers +9.5 (5.0%)
2026-01-02,UTEP,Missouri St.,64.6,65.7,1.1,-3.5,2.4,131.2,131.5,0.3,SPREAD UTEP +3.5 (5.0%)
2026-01-02,Michigan St.,Nebraska,77.8,74.5,-3.3,-2.5,5.8,149.5,144.5,5.0,TOTAL OVER 144.5 (5.0%); SPREAD Michigan St. +2.5 (5.0%)
2026-01-02,Seattle,Gonzaga,74.6,105.3,30.7,-24.5,6.2,161.3,154.5,6.8,TOTAL OVER 154.5 (5.0%); SPREAD Gonzaga -24.5 (5.0%)
2026-01-02,West Virginia,Iowa St.,67.0,87.3,20.3,-18.5,1.8,143.4,142.5,0.9,
2026-01-02,Loyola Marymount,Washington St.,72.4,68.0,-4.4,-2.5,6.9,140.0,142.5,2.5,SPREAD Loyola Marymount +2.5 (5.0%)
2026-01-02,Oregon St.,Pacific,63.7,71.0,7.3,-4.5,2.8,135.0,138.5,3.5,TOTAL UNDER 138.5 (5.0%); SPREAD Pacific -4.5 (5.0%)
2026-01-02,Pepperdine,Santa Clara,65.3,86.2,20.9,-19.5,1.4,151.3,150.5,0.8,
2026-01-02,Portland,Saint Mary's,66.7,94.8,28.1,-21.5,6.6,152.7,145.5,7.2,TOTAL OVER 145.5 (5.0%); SPREAD Saint Mary's -21.5 (5.0%)
2026-01-02,San Diego,San Francisco,74.0,75.4,1.4,-10.5,9.1,149.0,149.5,0.5,SPREAD San Diego +10.5 (5.0%)
2026-01-02,Notre Dame,California,69.9,71.8,1.9,-4.5,2.6,142.0,137.5,4.5,TOTAL OVER 137.5 (5.0%); SPREAD Notre Dame +4.5 (5.0%)
2026-01-03,Virginia,NC State,82.1,84.6,2.5,-4.5,2.0,153.8,152.5,1.3,SPREAD Virginia +4.5 (5.0%)
2026-01-03,Clemson,Pittsburgh,70.9,70.5,-0.4,3.5,3.1,136.7,135.5,1.2,SPREAD Pittsburgh +3.5 (5.0%)
2026-01-03,Kentucky,Alabama,89.3,90.5,1.2,-5.5,4.3,165.5,174.5,9.0,SPREAD Kentucky +5.5 (5.0%)
2026-01-03,Northeastern,Campbell,82.5,83.1,0.6,-3.5,2.9,158.5,158.5,0.0,SPREAD Northeastern +3.5 (5.0%)
2026-01-03,Providence,St. John's,78.8,100.9,22.1,-12.5,9.6,167.1,169.5,2.4,SPREAD St. John's -12.5 (5.0%)
2026-01-03,UTSA,Temple,73.7,78.6,4.9,-10.5,5.6,152.2,150.5,1.7,SPREAD UTSA +10.5 (5.0%)
2026-01-03,VCU,Duquesne,88.6,84.7,-3.9,5.5,1.6,163.8,164.5,0.7,
2026-01-03,Villanova,Butler,78.2,74.8,-3.4,-1.5,4.9,143.5,146.5,3.0,SPREAD Villanova +1.5 (5.0%)
2026-01-03,Virginia Tech,Wake Forest,77.3,85.2,7.9,-5.5,2.4,158.1,151.5,6.6,TOTAL OVER 151.5 (5.0%); SPREAD Wake Forest -5.5 (5.0%)
2026-01-03,Auburn,Georgia,85.5,92.4,7.0,-5.5,1.5,159.0,174.5,15.5,
2026-01-03,American,Boston University,76.4,74.1,-2.3,1.5,0.8,142.2,148.5,6.3,
2026-01-03,Chattanooga,VMI,73.8,74.8,1.0,5.5,6.5,145.1,148.5,3.4,TOTAL UNDER 148.5 (1.2%); SPREAD VMI +5.5 (5.0%)
2026-01-03,Colgate,Army,75.3,69.1,-6.2,6.5,0.3,144.7,147.5,2.8,
2026-01-03,Georgia State,Coastal Carolina,71.5,71.6,0.1,-6.5,6.4,143.6,146.5,2.9,SPREAD Georgia State +6.5 (5.0%)
2026-01-03,Northern Illinois,Kent State,75.0,86.3,11.3,-16.5,5.2,160.9,158.5,2.4,SPREAD Northern Illinois +16.5 (5.0%)
2026-01-03,Oklahoma State,Texas Tech,79.8,87.6,7.8,-11.5,3.7,155.6,168.5,12.9,TOTAL UNDER 168.5 (5.0%); SPREAD Oklahoma State +11.5 (5.0%)
2026-01-03,Southern Miss,Louisiana,70.6,62.9,-7.7,4.5,3.2,133.6,130.5,3.1,TOTAL OVER 130.5 (5.0%); SPREAD Southern Miss -4.5 (5.0%)
2026-01-03,Vermont,New Hampshire,71.8,70.6,-1.2,7.5,6.3,141.7,137.5,4.2,TOTAL OVER 137.5 (5.0%); SPREAD New Hampshire +7.5 (5.0%)
2026-01-03,Wofford,The Citadel,75.7,66.6,-9.1,10.5,1.4,142.3,144.5,2.2,
2026-01-03,BYU,Kansas State,95.7,87.5,-8.2,7.5,0.7,167.1,172.5,5.4,
2026-01-03,Vanderbilt,South Carolina,89.9,74.3,-15.6,11.5,4.1,155.2,157.5,2.3,SPREAD Vanderbilt -11.5 (5.0%)
2026-01-03,Kansas,UCF,77.0,81.6,4.6,4.5,9.1,153.8,153.5,0.3,SPREAD UCF +4.5 (5.0%)
2026-01-03,Houston,Cincinnati,75.6,67.5,-8.1,7.5,0.6,143.5,134.5,9.0,TOTAL OVER 134.5 (5.0%)
2026-01-03,Baylor,TCU,82.8,84.9,2.0,-1.5,0.5,153.7,154.5,0.8,
2026-01-03,Boston College,Georgia Tech,65.6,74.1,8.5,-6.5,2.0,139.9,145.5,5.6,TOTAL UNDER 145.5 (5.0%); SPREAD Georgia Tech -6.5 (5.0%)
2026-01-03,Bowling Green,UMass,83.5,71.9,-11.6,2.5,9.1,155.4,149.5,5.9,TOTAL OVER 149.5 (5.0%); SPREAD Bowling Green -2.5 (5.0%)
2026-01-03,Dayton,Loyola Chicago,81.9,65.5,-16.4,8.5,7.9,146.6,141.5,5.1,TOTAL OVER 141.5 (5.0%); SPREAD Dayton -8.5 (5.0%)
2026-01-03,Hofstra,Drexel,74.3,66.3,-8.0,6.5,1.5,140.7,136.5,4.2,TOTAL OVER 136.5 (5.0%)
2026-01-03,NJIT,Binghamton,64.2,63.8,-0.4,-1.5,1.9,128.0,141.5,13.5,TOTAL UNDER 141.5 (5.0%)
2026-01-03,Stetson,Central Arkansas,68.5,77.1,8.6,-9.5,0.9,145.5,146.5,1.0,
2026-01-03,Xavier,DePaul,74.3,80.7,6.4,-2.5,3.9,155.1,146.5,8.6,TOTAL OVER 146.5 (5.0%); SPREAD DePaul -2.5 (5.0%)
2026-01-03,North Carolina,SMU,76.7,83.0,6.3,-1.5,4.8,152.1,156.5,4.4,SPREAD SMU -1.5 (5.0%)
2026-01-03,Tennessee,Arkansas,87.2,78.9,-8.3,-2.5,10.8,157.1,157.5,0.4,SPREAD Tennessee +2.5 (5.0%)
2026-01-03,Duke,Florida State,89.8,78.5,-11.3,15.5,4.2,158.0,164.5,6.5,SPREAD Florida State +15.5 (5.0%)
2026-01-03,Arizona,Utah,111.5,70.9,-40.6,18.5,22.1,160.7,162.5,1.8,SPREAD Arizona -18.5 (5.0%)
2026-01-03,UCLA,Iowa,72.8,80.3,7.6,-6.5,1.1,137.6,138.5,0.9,
2026-01-03,Illinois,Penn State,102.0,77.8,-24.2,16.5,7.7,148.8,157.5,8.7,SPREAD Illinois -16.5 (5.0%)
2026-01-03,Purdue,Wisconsin,83.7,74.7,-8.9,6.5,2.4,147.6,151.5,3.9,SPREAD Purdue -6.5 (5.0%)
2026-01-03,Florida,Missouri,84.1,78.9,-5.2,6.5,1.3,155.7,153.5,2.2,
