Team,AdjRank,AdjNetEff,TotalGames,TotalWins,Q1_Record,Q1_Games,Q1_WinPct,Q1_AvgMargin,Q1_NetEff,Q1_Confidence,Q2_Record,Q2_Games,Q2_WinPct,Q2_AvgMargin,Q2_NetEff,Q2_Confidence,Q3_Record,Q3_Games,Q3_WinPct,Q3_AvgMargin,Q3_NetEff,Q3_Confidence,Q4_Record,Q4_Games,Q4_WinPct,Q4_AvgMargin,Q4_NetEff,Q4_Confidence,PaperTigerScore,Q12_Record,Q12_Games,Q12_WinPct,Q12_NetEff,Q34_Record,Q34_Games,Q34_WinPct,Q34_NetEff,ConsistencyScore
Georgia Bulldogs,1.0,32.498,15,13,0-0,0,,,,NONE,2-1,3,0.667,7.0,10.5,MEDIUM,2-1,3,0.667,7.667,11.5,MEDIUM,9-0,9,1.0,32.889,49.333,HIGH,29.375,2-1,3,0.667,10.5,11-1,12,0.917,39.875,18.075
Iowa State Cyclones,2.0,32.189,15,15,3-0,3,1.0,16.0,24.0,MEDIUM,3-0,3,1.0,14.0,21.0,MEDIUM,2-0,2,1.0,28.0,42.0,LOW,7-0,7,1.0,34.714,52.071,HIGH,27.333,6-0,6,1.0,22.5,9-0,9,1.0,49.833,12.818
Saint Louis Billikens,3.0,29.937,14,13,0-0,0,,,,NONE,1-0,1,1.0,1.0,1.5,LOW,1-0,1,1.0,10.0,15.0,LOW,11-1,12,0.917,25.167,37.75,HIGH,34.5,1-0,1,1.0,1.5,12-1,13,0.923,36.0,14.959
High Point Panthers,4.0,29.724,15,12,0-0,0,,,,NONE,0-0,0,,,,NONE,0-1,1,0.0,-8.0,-12.0,LOW,12-2,14,0.857,19.5,29.25,HIGH,,0-0,0,,,12-3,15,0.8,26.5,20.625
Michigan Wolverines,5.0,29.692,14,14,2-0,2,1.0,22.0,33.0,LOW,2-0,2,1.0,34.5,51.75,LOW,5-0,5,1.0,20.6,30.9,HIGH,5-0,5,1.0,35.8,53.7,HIGH,-0.075,4-0,4,1.0,42.375,10-0,10,1.0,42.3,10.437
Arizona Wildcats,6.0,29.161,15,15,1-0,1,1.0,4.0,6.0,LOW,1-0,1,1.0,4.0,6.0,LOW,6-0,6,1.0,20.5,30.75,HIGH,7-0,7,1.0,32.286,48.429,HIGH,34.269,2-0,2,1.0,6.0,13-0,13,1.0,40.269,17.92
Gonzaga Bulldogs,7.0,28.576,18,17,1-1,2,0.5,-12.5,-18.75,LOW,3-0,3,1.0,19.0,28.5,MEDIUM,2-0,2,1.0,9.5,14.25,LOW,11-0,11,1.0,33.909,50.864,HIGH,35.631,4-1,5,0.8,9.6,13-0,13,1.0,45.231,25.263
Iowa Hawkeyes,8.0,26.038,15,12,0-1,1,0.0,-4.0,-6.0,LOW,1-2,3,0.333,-3.0,-4.5,MEDIUM,1-0,1,1.0,5.0,7.5,LOW,10-0,10,1.0,29.3,43.95,HIGH,45.511,1-3,4,0.25,-4.875,11-0,11,1.0,40.636,20.155
Vanderbilt Commodores,9.0,25.144,15,15,2-0,2,1.0,18.5,27.75,LOW,1-0,1,1.0,12.0,18.0,LOW,2-0,2,1.0,18.5,27.75,LOW,10-0,10,1.0,23.8,35.7,HIGH,9.875,3-0,3,1.0,24.5,12-0,12,1.0,34.375,6.274
Houston Cougars,10.0,24.247,15,14,1-1,2,0.5,3.0,4.5,LOW,3-0,3,1.0,7.0,10.5,MEDIUM,3-0,3,1.0,6.667,10.0,MEDIUM,7-0,7,1.0,29.571,44.357,HIGH,25.95,4-1,5,0.8,8.1,10-0,10,1.0,34.05,15.775
Hawai'i Rainbow Warriors,11.0,23.832,12,9,0-0,0,,,,NONE,0-1,1,0.0,-10.0,-15.0,LOW,0-1,1,0.0,-1.0,-1.5,LOW,9-1,10,0.9,18.8,28.2,HIGH,40.5,0-1,1,0.0,-15.0,9-2,11,0.818,25.5,18.045
Louisville Cardinals,12.0,23.599,15,11,1-3,4,0.25,-8.0,-12.0,MEDIUM,2-0,2,1.0,9.0,13.5,LOW,1-0,1,1.0,41.0,61.5,LOW,7-1,8,0.875,32.375,48.562,HIGH,53.5,3-3,6,0.5,-3.5,8-1,9,0.889,50.0,28.962
Illinois Fighting Illini,13.0,22.688,15,12,2-2,4,0.5,10.0,15.0,MEDIUM,1-0,1,1.0,8.0,12.0,LOW,2-1,3,0.667,2.667,4.0,MEDIUM,7-0,7,1.0,33.571,50.357,HIGH,22.05,3-2,5,0.6,14.4,9-1,10,0.9,36.45,17.791
BYU Cougars,14.0,22.678,15,14,1-1,2,0.5,4.0,6.0,LOW,2-0,2,1.0,4.0,6.0,LOW,3-0,3,1.0,24.667,37.0,MEDIUM,8-0,8,1.0,27.25,40.875,HIGH,33.818,3-1,4,0.75,6.0,11-0,11,1.0,39.818,16.526
Virginia Cavaliers,15.0,22.655,15,13,1-0,1,1.0,15.0,22.5,LOW,2-2,4,0.5,1.75,2.625,MEDIUM,1-0,1,1.0,38.0,57.0,LOW,9-0,9,1.0,24.111,36.167,HIGH,31.65,3-2,5,0.6,6.6,10-0,10,1.0,38.25,19.824
Indiana Hoosiers,16.0,22.426,15,12,0-1,1,0.0,-9.0,-13.5,LOW,1-2,3,0.333,-3.667,-5.5,MEDIUM,2-0,2,1.0,29.0,43.5,LOW,9-0,9,1.0,25.778,38.667,HIGH,47.045,1-3,4,0.25,-7.5,11-0,11,1.0,39.545,25.507
Miami Hurricanes,17.0,22.34,15,13,0-1,1,0.0,-10.0,-15.0,LOW,0-0,0,,,,NONE,4-1,5,0.8,3.8,5.7,HIGH,9-0,9,1.0,31.667,47.5,HIGH,47.571,0-1,1,0.0,-15.0,13-1,14,0.929,32.571,25.996
Duke Blue Devils,18.0,21.823,15,14,2-0,2,1.0,10.0,15.0,LOW,3-0,3,1.0,9.0,13.5,MEDIUM,3-1,4,0.75,4.0,6.0,MEDIUM,6-0,6,1.0,42.167,63.25,HIGH,26.25,5-0,5,1.0,14.1,9-1,10,0.9,40.35,22.666
Texas A&M Aggies,19.0,21.671,15,12,1-2,3,0.333,-11.0,-16.5,MEDIUM,0-0,0,,,,NONE,3-0,3,1.0,15.333,23.0,MEDIUM,8-1,9,0.889,26.667,40.0,HIGH,52.25,1-2,3,0.333,-16.5,11-1,12,0.917,35.75,23.668
Purdue Boilermakers,20.0,21.026,15,14,0-1,1,0.0,-23.0,-34.5,LOW,2-0,2,1.0,18.0,27.0,LOW,4-0,4,1.0,20.25,30.375,MEDIUM,8-0,8,1.0,24.0,36.0,HIGH,27.625,2-1,3,0.667,6.5,12-0,12,1.0,34.125,28.598
LSU Tigers,21.0,20.84,15,12,0-1,1,0.0,-3.0,-4.5,LOW,0-1,1,0.0,-10.0,-15.0,LOW,1-1,2,0.5,-7.5,-11.25,LOW,11-0,11,1.0,22.636,33.955,HIGH,36.75,0-2,2,0.0,-9.75,12-1,13,0.923,27.0,19.507
West Virginia Mountaineers,22.0,20.374,15,10,0-1,1,0.0,-21.0,-31.5,LOW,1-2,3,0.333,-0.667,-1.0,MEDIUM,1-1,2,0.5,6.5,9.75,LOW,8-1,9,0.889,22.111,33.167,HIGH,37.534,1-3,4,0.25,-8.625,9-2,11,0.818,28.909,23.244
Miami (OH) RedHawks,23.0,20.174,13,13,1-0,1,1.0,10.0,15.0,LOW,0-0,0,,,,NONE,0-0,0,,,,NONE,12-0,12,1.0,12.333,18.5,HIGH,3.5,1-0,1,1.0,15.0,12-0,12,1.0,18.5,1.75
TCU Horned Frogs,24.0,20.173,15,11,0-1,1,0.0,-4.0,-6.0,LOW,1-1,2,0.5,2.0,3.0,LOW,3-1,4,0.75,5.25,7.875,MEDIUM,7-1,8,0.875,23.0,34.5,HIGH,25.625,1-2,3,0.333,0.0,10-2,12,0.833,25.625,15.08
Utah State Aggies,25.0,19.437,13,12,0-0,0,,,,NONE,0-0,0,,,,NONE,3-0,3,1.0,17.667,26.5,MEDIUM,9-1,10,0.9,16.6,24.9,HIGH,,0-0,0,,,12-1,13,0.923,25.269,0.8
Illinois State Redbirds,26.0,19.193,15,11,0-1,1,0.0,-5.0,-7.5,LOW,0-0,0,,,,NONE,0-1,1,0.0,-20.0,-30.0,LOW,11-2,13,0.846,15.0,22.5,HIGH,26.25,0-1,1,0.0,-7.5,11-3,14,0.786,18.75,21.506
Buffalo Bulls,27.0,18.916,13,11,0-0,0,,,,NONE,0-0,0,,,,NONE,0-0,0,,,,NONE,11-2,13,0.846,7.308,10.962,HIGH,,0-0,0,,,11-2,13,0.846,10.962,
Stephen F. Austin Lumberjacks,28.0,18.199,13,10,0-0,0,,,,NONE,0-1,1,0.0,-2.0,-3.0,LOW,0-1,1,0.0,-2.0,-3.0,LOW,10-1,11,0.909,12.182,18.273,HIGH,19.5,0-1,1,0.0,-3.0,10-2,12,0.833,16.5,10.028
Nebraska Cornhuskers,29.0,17.632,15,15,2-0,2,1.0,4.5,6.75,LOW,2-0,2,1.0,2.5,3.75,LOW,4-0,4,1.0,11.75,17.625,MEDIUM,7-0,7,1.0,24.143,36.214,HIGH,24.205,4-0,4,1.0,5.25,11-0,11,1.0,29.455,12.717
Marist Red Foxes,30.0,17.622,13,8,0-0,0,,,,NONE,0-1,1,0.0,-11.0,-16.5,LOW,1-0,1,1.0,45.0,67.5,LOW,7-4,11,0.636,7.091,10.636,HIGH,31.875,0-1,1,0.0,-16.5,8-4,12,0.667,15.375,35.001
Tennessee Volunteers,31.0,17.498,15,11,2-2,4,0.5,0.0,0.0,MEDIUM,1-1,2,0.5,6.0,9.0,LOW,2-1,3,0.667,13.0,19.5,MEDIUM,6-0,6,1.0,35.833,53.75,HIGH,39.333,3-3,6,0.5,3.0,8-1,9,0.889,42.333,20.366
UConn Huskies,32.0,17.266,16,15,2-1,3,0.667,3.667,5.5,MEDIUM,2-0,2,1.0,13.5,20.25,LOW,3-0,3,1.0,4.667,7.0,MEDIUM,8-0,8,1.0,27.25,40.875,HIGH,20.236,4-1,5,0.8,11.4,11-0,11,1.0,31.636,14.186
North Carolina Tar Heels,33.0,16.779,15,13,0-0,0,,,,NONE,2-1,3,0.667,-4.0,-6.0,MEDIUM,4-0,4,1.0,16.0,24.0,MEDIUM,7-1,8,0.875,22.375,33.562,HIGH,36.375,2-1,3,0.667,-6.0,11-1,12,0.917,30.375,16.854
NC State Wolfpack,34.0,16.68,16,11,0-2,2,0.0,-13.0,-19.5,LOW,0-1,1,0.0,-5.0,-7.5,LOW,4-2,6,0.667,5.833,8.75,HIGH,7-0,7,1.0,30.286,45.429,HIGH,44.0,0-3,3,0.0,-15.5,11-2,13,0.846,28.5,24.455
Missouri Tigers,35.0,16.452,15,12,0-1,1,0.0,-43.0,-64.5,LOW,2-1,3,0.667,7.667,11.5,MEDIUM,1-1,2,0.5,-9.0,-13.5,LOW,9-0,9,1.0,22.778,34.167,HIGH,33.0,2-2,4,0.5,-7.5,10-1,11,0.909,25.5,36.677
George Mason Patriots,36.0,16.245,15,14,0-0,0,,,,NONE,0-1,1,0.0,-11.0,-16.5,LOW,2-0,2,1.0,7.5,11.25,LOW,12-0,12,1.0,14.0,21.0,HIGH,36.107,0-1,1,0.0,-16.5,14-0,14,1.0,19.607,15.886
Tulsa Golden Hurricane,37.0,16.16,13,11,0-0,0,,,,NONE,1-0,1,1.0,3.0,4.5,LOW,1-2,3,0.333,2.333,3.5,MEDIUM,9-0,9,1.0,18.778,28.167,HIGH,17.5,1-0,1,1.0,4.5,10-2,12,0.833,22.0,11.4
Wyoming Cowboys,38.0,15.923,14,10,0-0,0,,,,NONE,0-0,0,,,,NONE,1-1,2,0.5,14.0,21.0,LOW,9-3,12,0.75,11.5,17.25,HIGH,,0-0,0,,,10-4,14,0.714,17.786,1.875
Bowling Green Falcons,39.0,15.133,13,8,0-0,0,,,,NONE,0-1,1,0.0,-11.0,-16.5,LOW,1-1,2,0.5,6.0,9.0,LOW,7-3,10,0.7,10.7,16.05,HIGH,31.375,0-1,1,0.0,-16.5,8-4,12,0.667,14.875,13.982
Belmont Bruins,40.0,15.09,16,13,0-0,0,,,,NONE,1-0,1,1.0,13.0,19.5,LOW,2-0,2,1.0,15.5,23.25,LOW,10-3,13,0.769,11.769,17.654,HIGH,-1.1,1-0,1,1.0,19.5,12-3,15,0.8,18.4,2.328
Murray State Racers,41.0,14.862,17,14,0-0,0,,,,NONE,0-1,1,0.0,-13.0,-19.5,LOW,0-0,0,,,,NONE,14-2,16,0.875,12.25,18.375,HIGH,37.875,0-1,1,0.0,-19.5,14-2,16,0.875,18.375,18.938
East Tennessee State Buccaneers,42.0,14.829,14,9,0-1,1,0.0,-19.0,-28.5,LOW,0-0,0,,,,NONE,1-0,1,1.0,6.0,9.0,LOW,8-4,12,0.667,11.083,16.625,HIGH,44.538,0-1,1,0.0,-28.5,9-4,13,0.692,16.038,19.722
Saint Mary's Gaels,43.0,14.578,16,14,0-1,1,0.0,-25.0,-37.5,LOW,2-0,2,1.0,8.0,12.0,LOW,3-1,4,0.75,13.0,19.5,MEDIUM,9-0,9,1.0,18.333,27.5,HIGH,29.538,2-1,3,0.667,-4.5,12-1,13,0.923,25.038,25.353
Oklahoma Sooners,44.0,14.23,15,11,1-2,3,0.333,-4.0,-6.0,MEDIUM,0-0,0,,,,NONE,2-1,3,0.667,5.0,7.5,MEDIUM,8-1,9,0.889,21.0,31.5,HIGH,31.5,1-2,3,0.333,-6.0,10-2,12,0.833,25.5,15.508
UCF Knights,45.0,14.057,14,12,1-2,3,0.333,-3.667,-5.5,MEDIUM,0-0,0,,,,NONE,4-0,4,1.0,9.75,14.625,MEDIUM,7-0,7,1.0,18.286,27.429,HIGH,28.273,1-2,3,0.333,-5.5,11-0,11,1.0,22.773,13.553
UNC Wilmington Seahawks,46.0,13.72,15,13,0-0,0,,,,NONE,0-0,0,,,,NONE,3-0,3,1.0,8.667,13.0,MEDIUM,10-2,12,0.833,10.333,15.5,HIGH,,0-0,0,,,13-2,15,0.867,15.0,1.25
Seton Hall Pirates,47.0,13.571,15,13,1-0,1,1.0,11.0,16.5,LOW,0-1,1,0.0,-8.0,-12.0,LOW,4-1,5,0.8,8.8,13.2,HIGH,8-0,8,1.0,15.25,22.875,HIGH,16.904,1-1,2,0.5,2.25,12-1,13,0.923,19.154,13.249
Richmond Spiders,48.0,13.538,15,11,1-0,1,1.0,8.0,12.0,LOW,0-0,0,,,,NONE,0-0,0,,,,NONE,10-4,14,0.714,9.143,13.714,HIGH,1.714,1-0,1,1.0,12.0,10-4,14,0.714,13.714,0.857
Arkansas Razorbacks,49.0,13.503,15,12,2-2,4,0.5,0.5,0.75,MEDIUM,0-1,1,0.0,-3.0,-4.5,LOW,5-0,5,1.0,8.6,12.9,HIGH,5-0,5,1.0,36.0,54.0,HIGH,33.75,2-3,5,0.4,-0.3,10-0,10,1.0,33.45,22.947
Oklahoma State Cowboys,50.0,13.453,15,13,2-1,3,0.667,8.667,13.0,MEDIUM,1-0,1,1.0,5.0,7.5,LOW,0-1,1,0.0,-22.0,-33.0,LOW,10-0,10,1.0,14.8,22.2,HIGH,5.557,3-1,4,0.75,11.625,10-1,11,0.909,17.182,21.116
Michigan State Spartans,51.0,13.301,16,14,3-2,5,0.6,6.0,9.0,HIGH,2-0,2,1.0,13.5,20.25,LOW,2-0,2,1.0,16.5,24.75,LOW,7-0,7,1.0,20.0,30.0,HIGH,16.619,5-2,7,0.714,12.214,9-0,9,1.0,28.833,7.74
Navy Midshipmen,52.0,13.194,14,9,0-1,1,0.0,-12.0,-18.0,LOW,0-1,1,0.0,-29.0,-43.5,LOW,0-1,1,0.0,-9.0,-13.5,LOW,9-2,11,0.818,10.364,15.545,HIGH,43.875,0-2,2,0.0,-30.75,9-3,12,0.75,13.125,20.955
Baylor Bears,53.0,13.045,13,9,0-2,2,0.0,-8.0,-12.0,LOW,1-1,2,0.5,-3.0,-4.5,LOW,1-0,1,1.0,10.0,15.0,LOW,7-1,8,0.875,22.625,33.938,HIGH,40.083,1-3,4,0.25,-8.25,8-1,9,0.889,31.833,17.874
South Carolina Gamecocks,54.0,12.795,15,10,1-1,2,0.5,-1.0,-1.5,LOW,0-4,4,0.0,-4.75,-7.125,MEDIUM,1-0,1,1.0,19.0,28.5,LOW,8-0,8,1.0,20.75,31.125,HIGH,36.083,1-5,6,0.167,-5.25,9-0,9,1.0,30.833,17.203
Texas Longhorns,55.0,12.607,14,8,1-4,5,0.2,-10.2,-15.3,HIGH,0-0,0,,,,NONE,0-1,1,0.0,-3.0,-4.5,LOW,7-1,8,0.875,26.5,39.75,HIGH,50.133,1-4,5,0.2,-15.3,7-2,9,0.778,34.833,23.817
Wichita State Shockers,56.0,12.473,15,8,0-1,1,0.0,-5.0,-7.5,LOW,1-0,1,1.0,5.0,7.5,LOW,0-1,1,0.0,-3.0,-4.5,LOW,7-5,12,0.583,10.417,15.625,HIGH,14.077,1-1,2,0.5,0.0,7-6,13,0.538,14.077,9.3
Clemson Tigers,57.0,12.239,16,13,2-1,3,0.667,1.0,1.5,MEDIUM,3-0,3,1.0,4.333,6.5,MEDIUM,2-2,4,0.5,0.25,0.375,MEDIUM,6-0,6,1.0,29.167,43.75,HIGH,22.4,5-1,6,0.833,4.0,8-2,10,0.8,26.4,17.885
Minnesota Golden Gophers,58.0,12.155,15,10,2-2,4,0.5,-9.75,-14.625,MEDIUM,1-1,2,0.5,-2.5,-3.75,LOW,0-1,1,0.0,-12.0,-18.0,LOW,7-1,8,0.875,21.0,31.5,HIGH,37.0,3-3,6,0.5,-11.0,7-2,9,0.778,26.0,19.61
Kentucky Wildcats,59.0,12.076,15,9,1-4,5,0.2,-7.8,-11.7,HIGH,1-1,2,0.5,-2.5,-3.75,LOW,0-1,1,0.0,-15.0,-22.5,LOW,7-0,7,1.0,37.429,56.143,HIGH,55.741,2-5,7,0.286,-9.429,7-1,8,0.875,46.312,30.522
Yale Bulldogs,60.0,12.046,12,10,0-0,0,,,,NONE,0-0,0,,,,NONE,2-1,3,0.667,1.333,2.0,MEDIUM,8-1,9,0.889,11.222,16.833,HIGH,,0-0,0,,,10-2,12,0.833,13.125,7.417
Ohio State Buckeyes,61.0,11.873,15,11,1-3,4,0.25,-2.75,-4.125,MEDIUM,2-0,2,1.0,2.5,3.75,LOW,3-1,4,0.75,14.25,21.375,MEDIUM,5-0,5,1.0,27.0,40.5,HIGH,33.5,3-3,6,0.5,-1.5,8-1,9,0.889,32.0,17.195
Akron Zips,62.0,11.582,13,9,0-1,1,0.0,-18.0,-27.0,LOW,0-1,1,0.0,-3.0,-4.5,LOW,2-0,2,1.0,21.0,31.5,LOW,7-2,9,0.778,15.889,23.833,HIGH,40.977,0-2,2,0.0,-15.75,9-2,11,0.818,25.227,23.278
Siena Saints,63.0,11.373,15,10,0-1,1,0.0,-21.0,-31.5,LOW,0-0,0,,,,NONE,1-1,2,0.5,6.5,9.75,LOW,9-3,12,0.75,6.583,9.875,HIGH,41.357,0-1,1,0.0,-31.5,10-4,14,0.714,9.857,19.475
New Mexico Lobos,64.0,11.37,14,11,1-1,2,0.5,4.0,6.0,LOW,1-0,1,1.0,27.0,40.5,LOW,1-2,3,0.333,-5.0,-7.5,MEDIUM,8-0,8,1.0,14.0,21.0,HIGH,-4.273,2-1,3,0.667,17.5,9-2,11,0.818,13.227,17.843
Colorado Buffaloes,65.0,11.178,15,12,0-0,0,,,,NONE,1-0,1,1.0,13.0,19.5,LOW,3-1,4,0.75,6.5,9.75,MEDIUM,8-2,10,0.8,9.0,13.5,HIGH,-7.071,1-0,1,1.0,19.5,11-3,14,0.786,12.429,4.016
Northern Iowa Panthers,66.0,11.094,15,11,0-2,2,0.0,-9.0,-13.5,LOW,0-0,0,,,,NONE,0-0,0,,,,NONE,11-2,13,0.846,10.0,15.0,HIGH,28.5,0-2,2,0.0,-13.5,11-2,13,0.846,15.0,14.25
North Dakota State Bison,67.0,11.074,15,10,0-0,0,,,,NONE,0-0,0,,,,NONE,0-0,0,,,,NONE,10-5,15,0.667,5.8,8.7,HIGH,,0-0,0,,,10-5,15,0.667,8.7,
Fordham Rams,68.0,10.842,13,6,0-0,0,,,,NONE,0-0,0,,,,NONE,0-1,1,0.0,-5.0,-7.5,LOW,6-6,12,0.5,5.0,7.5,HIGH,,0-0,0,,,6-7,13,0.462,6.346,7.5
George Washington Revolutionaries,69.0,10.795,15,10,0-0,0,,,,NONE,0-1,1,0.0,-6.0,-9.0,LOW,0-1,1,0.0,-10.0,-15.0,LOW,10-3,13,0.769,13.846,20.769,HIGH,27.214,0-1,1,0.0,-9.0,10-4,14,0.714,18.214,15.641
St. John's Red Storm,70.0,10.666,15,10,0-1,1,0.0,-1.0,-1.5,LOW,2-1,3,0.667,5.667,8.5,MEDIUM,3-3,6,0.5,3.333,5.0,HIGH,5-0,5,1.0,30.8,46.2,HIGH,17.727,2-2,4,0.5,6.0,8-3,11,0.727,23.727,18.622
Columbia Lions,71.0,10.224,13,10,0-1,1,0.0,-27.0,-40.5,LOW,0-0,0,,,,NONE,0-0,0,,,,NONE,10-2,12,0.833,10.583,15.875,HIGH,56.375,0-1,1,0.0,-40.5,10-2,12,0.833,15.875,28.188
Virginia Tech Hokies,72.0,9.979,16,12,1-1,2,0.5,-0.5,-0.75,LOW,1-0,1,1.0,3.0,4.5,LOW,1-1,2,0.5,1.5,2.25,LOW,9-2,11,0.818,12.455,18.682,HIGH,15.154,2-1,3,0.667,1.0,10-3,13,0.769,16.154,7.46
Utah Valley Wolverines,73.0,9.841,14,10,1-0,1,1.0,11.0,16.5,LOW,0-0,0,,,,NONE,2-3,5,0.4,4.8,7.2,HIGH,7-1,8,0.875,7.75,11.625,HIGH,-6.577,1-0,1,1.0,16.5,9-4,13,0.692,9.923,3.798
UCLA Bruins,74.0,9.825,15,10,0-3,3,0.0,-9.0,-13.5,MEDIUM,1-0,1,1.0,2.0,3.0,LOW,1-1,2,0.5,1.5,2.25,LOW,8-1,9,0.889,18.556,27.833,HIGH,32.557,1-3,4,0.25,-9.375,9-2,11,0.818,23.182,14.791
Dayton Flyers,75.0,9.749,16,12,0-2,2,0.0,-8.5,-12.75,LOW,0-1,1,0.0,-12.0,-18.0,LOW,2-0,2,1.0,16.5,24.75,LOW,10-1,11,0.909,12.091,18.136,HIGH,33.654,0-3,3,0.0,-14.5,12-1,13,0.923,19.154,18.65
St. Thomas-Minnesota Tommies,76.0,9.583,14,10,0-1,1,0.0,-26.0,-39.0,LOW,0-0,0,,,,NONE,2-1,3,0.667,4.667,7.0,MEDIUM,8-2,10,0.8,8.4,12.6,HIGH,50.308,0-1,1,0.0,-39.0,10-3,13,0.769,11.308,23.118
California Golden Bears,77.0,9.504,15,12,0-2,2,0.0,-22.0,-33.0,LOW,2-0,2,1.0,4.5,6.75,LOW,2-1,3,0.667,3.333,5.0,MEDIUM,8-0,8,1.0,21.625,32.438,HIGH,38.08,2-2,4,0.5,-13.125,10-1,11,0.909,24.955,23.348
SIU Edwardsville Cougars,78.0,9.382,14,7,0-0,0,,,,NONE,0-0,0,,,,NONE,0-1,1,0.0,-25.0,-37.5,LOW,7-6,13,0.538,1.154,1.731,HIGH,,0-0,0,,,7-7,14,0.5,-1.071,19.615
VCU Rams,79.0,8.965,16,11,0-4,4,0.0,-8.25,-12.375,MEDIUM,1-0,1,1.0,18.0,27.0,LOW,1-0,1,1.0,26.0,39.0,LOW,9-1,10,0.9,18.7,28.05,HIGH,33.545,1-4,5,0.2,-4.5,10-1,11,0.909,29.045,19.508
Northwestern Wildcats,80.0,8.698,15,8,0-2,2,0.0,-5.0,-7.5,LOW,1-4,5,0.2,-4.2,-6.3,HIGH,0-1,1,0.0,-12.0,-18.0,LOW,7-0,7,1.0,24.571,36.857,HIGH,36.643,1-6,7,0.143,-6.643,7-1,8,0.875,30.0,21.048
Santa Clara Broncos,81.0,8.658,17,12,0-2,2,0.0,-6.5,-9.75,LOW,2-0,2,1.0,11.5,17.25,LOW,1-0,1,1.0,3.0,4.5,LOW,9-3,12,0.75,12.5,18.75,HIGH,13.904,2-2,4,0.5,3.75,10-3,13,0.769,17.654,11.49
Temple Owls,82.0,8.656,15,10,0-0,0,,,,NONE,0-2,2,0.0,-16.5,-24.75,LOW,1-1,2,0.5,0.0,0.0,LOW,9-2,11,0.818,9.091,13.636,HIGH,36.288,0-2,2,0.0,-24.75,10-3,13,0.769,11.538,15.889
South Florida Bulls,83.0,8.644,14,8,1-1,2,0.5,2.5,3.75,LOW,1-0,1,1.0,19.0,28.5,LOW,2-1,3,0.667,-0.333,-0.5,MEDIUM,4-4,8,0.5,10.25,15.375,HIGH,-0.955,2-1,3,0.667,12.0,6-5,11,0.545,11.045,11.267
Villanova Wildcats,84.0,8.431,15,12,1-2,3,0.333,-8.333,-12.5,MEDIUM,2-0,2,1.0,18.0,27.0,LOW,2-0,2,1.0,14.0,21.0,LOW,7-1,8,0.875,15.125,22.688,HIGH,19.05,3-2,5,0.6,3.3,9-1,10,0.9,22.35,15.768
SMU Mustangs,85.0,8.41,15,12,2-2,4,0.5,-1.0,-1.5,MEDIUM,1-1,2,0.5,-1.0,-1.5,LOW,1-0,1,1.0,6.0,9.0,LOW,8-0,8,1.0,25.0,37.5,HIGH,35.833,3-3,6,0.5,-1.5,9-0,9,1.0,34.333,15.958
Rhode Island Rams,86.0,8.391,16,9,0-0,0,,,,NONE,2-1,3,0.667,7.333,11.0,MEDIUM,1-1,2,0.5,-4.5,-6.75,LOW,6-5,11,0.545,6.091,9.136,HIGH,-4.308,2-1,3,0.667,11.0,7-6,13,0.538,6.692,7.965
UT Martin Skyhawks,87.0,8.189,13,9,0-0,0,,,,NONE,0-0,0,,,,NONE,1-2,3,0.333,-5.333,-8.0,MEDIUM,8-2,10,0.8,4.3,6.45,HIGH,,0-0,0,,,9-4,13,0.692,3.115,7.225
UC San Diego Tritons,88.0,7.728,14,10,0-0,0,,,,NONE,1-0,1,1.0,15.0,22.5,LOW,1-0,1,1.0,5.0,7.5,LOW,8-4,12,0.667,6.25,9.375,HIGH,-13.269,1-0,1,1.0,22.5,9-4,13,0.692,9.231,6.673
Kennesaw State Owls,89.0,7.709,12,6,0-0,0,,,,NONE,0-0,0,,,,NONE,0-1,1,0.0,-11.0,-16.5,LOW,6-5,11,0.545,2.182,3.273,HIGH,,0-0,0,,,6-6,12,0.5,1.625,9.886
Washington Huskies,90.0,7.602,15,9,0-2,2,0.0,-9.0,-13.5,LOW,0-3,3,0.0,-8.0,-12.0,MEDIUM,3-0,3,1.0,9.667,14.5,MEDIUM,6-1,7,0.857,20.429,30.643,HIGH,38.4,0-5,5,0.0,-12.6,9-1,10,0.9,25.8,18.568
Syracuse Orange,91.0,7.526,15,10,1-2,3,0.333,-11.0,-16.5,MEDIUM,1-1,2,0.5,3.5,5.25,LOW,0-1,1,0.0,-11.0,-16.5,LOW,8-1,9,0.889,19.0,28.5,HIGH,31.8,2-3,5,0.4,-7.8,8-2,10,0.8,24.0,18.602
Notre Dame Fighting Irish,92.0,7.502,15,10,2-1,3,0.667,-1.0,-1.5,MEDIUM,0-1,1,0.0,-1.0,-1.5,LOW,0-1,1,0.0,-10.0,-15.0,LOW,8-2,10,0.8,12.8,19.2,HIGH,17.591,2-2,4,0.5,-1.5,8-3,11,0.727,16.091,12.225
Hofstra Pride,93.0,7.494,14,10,0-1,1,0.0,-4.0,-6.0,LOW,1-1,2,0.5,-2.0,-3.0,LOW,1-1,2,0.5,-0.5,-0.75,LOW,8-1,9,0.889,9.111,13.667,HIGH,15.045,1-2,3,0.333,-4.0,9-2,11,0.818,11.045,7.558
Butler Bulldogs,94.0,7.467,16,10,1-1,2,0.5,-6.0,-9.0,LOW,2-2,4,0.5,-5.5,-8.25,MEDIUM,2-1,3,0.667,3.333,5.0,MEDIUM,5-2,7,0.714,23.143,34.714,HIGH,34.3,3-3,6,0.5,-8.5,7-3,10,0.7,25.8,17.699
Cincinnati Bearcats,95.0,7.315,15,8,0-4,4,0.0,-9.5,-14.25,MEDIUM,0-1,1,0.0,-3.0,-4.5,LOW,0-1,1,0.0,-8.0,-12.0,LOW,8-1,9,0.889,19.333,29.0,HIGH,37.2,0-5,5,0.0,-12.3,8-2,10,0.8,24.9,17.375
Georgia Southern Eagles,96.0,7.229,15,10,0-0,0,,,,NONE,0-1,1,0.0,-2.0,-3.0,LOW,1-1,2,0.5,-9.0,-13.5,LOW,9-3,12,0.75,3.75,5.625,HIGH,5.893,0-1,1,0.0,-3.0,10-4,14,0.714,2.893,7.82
Georgia Tech Yellow Jackets,97.0,7.0,16,10,0-2,2,0.0,-5.5,-8.25,LOW,1-1,2,0.5,-4.0,-6.0,LOW,1-1,2,0.5,0.0,0.0,LOW,8-2,10,0.8,9.6,14.4,HIGH,19.125,1-3,4,0.25,-7.125,9-3,12,0.75,12.0,8.824
McNeese Cowboys,98.0,6.911,13,10,0-1,1,0.0,-41.0,-61.5,LOW,0-1,1,0.0,-12.0,-18.0,LOW,0-0,0,,,,NONE,10-1,11,0.909,13.727,20.591,HIGH,60.341,0-2,2,0.0,-39.75,10-1,11,0.909,20.591,33.533
Charleston Southern Buccaneers,99.0,6.885,15,8,0-0,0,,,,NONE,0-2,2,0.0,-21.5,-32.25,LOW,0-1,1,0.0,-4.0,-6.0,LOW,8-4,12,0.667,6.667,10.0,HIGH,41.019,0-2,2,0.0,-32.25,8-5,13,0.615,8.769,17.417
Grand Canyon Lopes,100.0,6.597,14,9,1-3,4,0.25,-5.25,-7.875,MEDIUM,0-0,0,,,,NONE,2-0,2,1.0,13.5,20.25,LOW,6-2,8,0.75,12.25,18.375,HIGH,26.625,1-3,4,0.25,-7.875,8-2,10,0.8,18.75,12.839
Pacific Tigers,101.0,6.5,16,9,0-1,1,0.0,-36.0,-54.0,LOW,0-0,0,,,,NONE,0-1,1,0.0,-23.0,-34.5,LOW,9-5,14,0.643,7.643,11.464,HIGH,62.4,0-1,1,0.0,-54.0,9-6,15,0.6,8.4,27.444
Liberty Flames,102.0,6.309,12,9,0-1,1,0.0,-40.0,-60.0,LOW,1-0,1,1.0,8.0,12.0,LOW,3-0,3,1.0,17.0,25.5,MEDIUM,5-2,7,0.714,7.143,10.714,HIGH,39.15,1-1,2,0.5,-24.0,8-2,10,0.8,15.15,33.445
Florida Gators,103.0,6.109,15,10,2-5,7,0.286,1.714,2.571,HIGH,0-0,0,,,,NONE,2-0,2,1.0,7.0,10.5,LOW,6-0,6,1.0,29.667,44.5,HIGH,33.429,2-5,7,0.286,2.571,8-0,8,1.0,36.0,18.187
Bradley Braves,104.0,6.106,16,10,0-1,1,0.0,-10.0,-15.0,LOW,0-1,1,0.0,-10.0,-15.0,LOW,1-1,2,0.5,-3.5,-5.25,LOW,9-3,12,0.75,9.583,14.375,HIGH,26.571,0-2,2,0.0,-15.0,10-4,14,0.714,11.571,11.992
South Alabama Jaguars,105.0,6.023,14,9,0-0,0,,,,NONE,0-0,0,,,,NONE,1-2,3,0.333,-3.0,-4.5,MEDIUM,8-3,11,0.727,2.091,3.136,HIGH,,0-0,0,,,9-5,14,0.643,1.5,3.818
Florida Atlantic Owls,106.0,5.819,14,8,0-2,2,0.0,-9.0,-13.5,LOW,0-0,0,,,,NONE,3-0,3,1.0,15.0,22.5,MEDIUM,5-4,9,0.556,5.556,8.333,HIGH,25.375,0-2,2,0.0,-13.5,8-4,12,0.667,11.875,14.808
Kansas Jayhawks,107.0,5.676,15,11,4-4,8,0.5,-0.75,-1.125,HIGH,2-0,2,1.0,10.5,15.75,LOW,1-0,1,1.0,29.0,43.5,LOW,4-0,4,1.0,29.25,43.875,MEDIUM,41.55,6-4,10,0.6,2.25,5-0,5,1.0,43.8,19.142
California Baptist Lancers,108.0,5.676,17,11,0-1,1,0.0,-31.0,-46.5,LOW,0-2,2,0.0,-7.5,-11.25,LOW,2-1,3,0.667,6.333,9.5,MEDIUM,9-2,11,0.818,7.0,10.5,HIGH,33.286,0-3,3,0.0,-23.0,11-3,14,0.786,10.286,23.092
North Carolina A&T Aggies,109.0,5.65,13,5,0-0,0,,,,NONE,0-1,1,0.0,-19.0,-28.5,LOW,0-1,1,0.0,-16.0,-24.0,LOW,5-6,11,0.455,0.545,0.818,HIGH,27.25,0-1,1,0.0,-28.5,5-7,12,0.417,-1.25,12.892
UAB Blazers,110.0,5.491,15,9,1-1,2,0.5,-3.5,-5.25,LOW,0-0,0,,,,NONE,0-2,2,0.0,-3.0,-4.5,LOW,8-3,11,0.727,10.636,15.955,HIGH,18.058,1-1,2,0.5,-5.25,8-5,13,0.615,12.808,9.824
Northern Colorado Bears,111.0,5.442,13,8,0-0,0,,,,NONE,1-0,1,1.0,5.0,7.5,LOW,0-1,1,0.0,-11.0,-16.5,LOW,7-4,11,0.636,2.182,3.273,HIGH,-5.875,1-0,1,1.0,7.5,7-5,12,0.583,1.625,10.461
Massachusetts Minutemen,112.0,5.319,15,8,0-1,1,0.0,-1.0,-1.5,LOW,0-0,0,,,,NONE,3-2,5,0.6,1.4,2.1,HIGH,5-4,9,0.556,5.222,7.833,HIGH,7.286,0-1,1,0.0,-1.5,8-6,14,0.571,5.786,3.843
Georgetown Hoyas,113.0,5.042,15,9,0-2,2,0.0,-16.5,-24.75,LOW,1-1,2,0.5,-3.5,-5.25,LOW,0-0,0,,,,NONE,8-3,11,0.727,9.0,13.5,HIGH,28.5,1-3,4,0.25,-15.0,8-3,11,0.727,13.5,15.616
Wisconsin Badgers,114.0,4.886,15,10,0-4,4,0.0,-21.25,-31.875,MEDIUM,3-1,4,0.75,8.75,13.125,MEDIUM,1-0,1,1.0,21.0,31.5,LOW,6-0,6,1.0,25.833,38.75,HIGH,47.089,3-5,8,0.375,-9.375,7-0,7,1.0,37.714,27.473
Nevada Wolf Pack,115.0,4.685,15,11,0-0,0,,,,NONE,1-2,3,0.333,-8.667,-13.0,MEDIUM,6-1,7,0.857,9.857,14.786,HIGH,4-1,5,0.8,6.0,9.0,HIGH,25.375,1-2,3,0.333,-13.0,10-2,12,0.833,12.375,11.97
Austin Peay Governors,116.0,4.666,12,7,0-1,1,0.0,-14.0,-21.0,LOW,0-0,0,,,,NONE,0-1,1,0.0,-7.0,-10.5,LOW,7-3,10,0.7,4.4,6.6,HIGH,26.045,0-1,1,0.0,-21.0,7-4,11,0.636,5.045,11.375
San Francisco Dons,117.0,4.578,17,10,0-1,1,0.0,-10.0,-15.0,LOW,1-1,2,0.5,1.0,1.5,LOW,1-0,1,1.0,3.0,4.5,LOW,8-5,13,0.615,5.692,8.538,HIGH,12.25,1-2,3,0.333,-4.0,9-5,14,0.643,8.25,8.949
New Mexico State Aggies,118.0,4.566,11,6,0-0,0,,,,NONE,0-0,0,,,,NONE,1-0,1,1.0,9.0,13.5,LOW,5-5,10,0.5,1.9,2.85,HIGH,,0-0,0,,,6-5,11,0.545,3.818,5.325
DePaul Blue Demons,119.0,4.47,16,10,0-2,2,0.0,-25.5,-38.25,LOW,1-3,4,0.25,-1.5,-2.25,MEDIUM,1-0,1,1.0,6.0,9.0,LOW,8-1,9,0.889,15.0,22.5,HIGH,35.4,1-5,6,0.167,-14.25,9-1,10,0.9,21.15,22.556
Drexel Dragons,120.0,4.411,16,6,0-0,0,,,,NONE,0-1,1,0.0,-30.0,-45.0,LOW,0-1,1,0.0,-9.0,-13.5,LOW,6-8,14,0.429,1.571,2.357,HIGH,46.3,0-1,1,0.0,-45.0,6-9,15,0.4,1.3,19.682
UC Irvine Anteaters,121.0,4.378,15,10,0-1,1,0.0,-26.0,-39.0,LOW,0-2,2,0.0,-4.0,-6.0,LOW,1-1,2,0.5,-1.5,-2.25,LOW,9-1,10,0.9,9.6,14.4,HIGH,28.625,0-3,3,0.0,-17.0,10-2,12,0.833,11.625,19.363
Weber State Wildcats,122.0,4.279,14,6,0-1,1,0.0,-10.0,-15.0,LOW,0-1,1,0.0,-16.0,-24.0,LOW,0-1,1,0.0,-3.0,-4.5,LOW,6-5,11,0.545,3.909,5.864,HIGH,24.5,0-2,2,0.0,-19.5,6-6,12,0.5,5.0,11.197
USC Trojans,123.0,4.259,14,11,1-1,2,0.5,-14.0,-21.0,LOW,0-2,2,0.0,-18.5,-27.75,LOW,4-0,4,1.0,4.0,6.0,MEDIUM,6-0,6,1.0,22.333,33.5,HIGH,46.875,1-3,4,0.25,-24.375,10-0,10,1.0,22.5,24.228
Kent State Golden Flashes,124.0,4.092,13,10,1-1,2,0.5,-19.0,-28.5,LOW,0-0,0,,,,NONE,0-1,1,0.0,-6.0,-9.0,LOW,9-1,10,0.9,7.9,11.85,HIGH,38.455,1-1,2,0.5,-28.5,9-2,11,0.818,9.955,16.476
Duquesne Dukes,125.0,4.075,14,7,0-0,0,,,,NONE,0-1,1,0.0,-10.0,-15.0,LOW,1-1,2,0.5,-8.0,-12.0,LOW,6-5,11,0.545,6.455,9.682,HIGH,21.346,0-1,1,0.0,-15.0,7-6,13,0.538,6.346,10.996
Ole Miss Rebels,126.0,4.048,15,8,0-5,5,0.0,-10.2,-15.3,HIGH,0-1,1,0.0,-5.0,-7.5,LOW,0-1,1,0.0,-1.0,-1.5,LOW,8-0,8,1.0,17.5,26.25,HIGH,37.167,0-6,6,0.0,-14.0,8-1,9,0.889,23.167,15.658
Fairfield Stags,127.0,4.027,15,8,0-1,1,0.0,-23.0,-34.5,LOW,0-0,0,,,,NONE,1-1,2,0.5,3.0,4.5,LOW,7-5,12,0.583,0.667,1.0,HIGH,36.0,0-1,1,0.0,-34.5,8-6,14,0.571,1.5,17.618
William & Mary Tribe,128.0,3.994,14,9,1-0,1,1.0,8.0,12.0,LOW,0-1,1,0.0,-33.0,-49.5,LOW,0-1,1,0.0,-9.0,-13.5,LOW,8-3,11,0.727,7.545,11.318,HIGH,28.0,1-1,2,0.5,-18.75,8-4,12,0.667,9.25,25.055
Stanford Cardinal,129.0,3.951,16,13,2-0,2,1.0,2.5,3.75,LOW,3-1,4,0.75,1.75,2.625,MEDIUM,0-1,1,0.0,-1.0,-1.5,LOW,8-1,9,0.889,12.333,18.5,HIGH,13.5,5-1,6,0.833,3.0,8-2,10,0.8,16.5,7.564
Wright State Raiders,130.0,3.923,14,7,0-0,0,,,,NONE,0-1,1,0.0,-25.0,-37.5,LOW,1-0,1,1.0,6.0,9.0,LOW,6-6,12,0.5,5.75,8.625,HIGH,46.154,0-1,1,0.0,-37.5,7-6,13,0.538,8.654,21.832
Seattle U Redhawks,131.0,3.79,16,10,0-2,2,0.0,-12.5,-18.75,LOW,1-0,1,1.0,4.0,6.0,LOW,1-1,2,0.5,3.0,4.5,LOW,8-3,11,0.727,5.636,8.455,HIGH,18.346,1-2,3,0.333,-10.5,9-4,13,0.692,7.846,10.946
Youngstown State Penguins,132.0,3.714,15,6,0-0,0,,,,NONE,1-0,1,1.0,6.0,9.0,LOW,1-1,2,0.5,-3.0,-4.5,LOW,4-8,12,0.333,0.167,0.25,HIGH,-9.429,1-0,1,1.0,9.0,5-9,14,0.357,-0.429,5.591
Providence Friars,133.0,3.655,15,8,0-2,2,0.0,-5.0,-7.5,LOW,1-3,4,0.25,-3.0,-4.5,MEDIUM,2-2,4,0.5,-3.5,-5.25,MEDIUM,5-0,5,1.0,23.2,34.8,HIGH,22.5,1-5,6,0.167,-5.5,7-2,9,0.778,17.0,17.593
Northern Kentucky Norse,134.0,3.597,14,9,0-1,1,0.0,-39.0,-58.5,LOW,0-0,0,,,,NONE,0-1,1,0.0,-11.0,-16.5,LOW,9-3,12,0.75,6.667,10.0,HIGH,66.462,0-1,1,0.0,-58.5,9-4,13,0.692,7.962,28.203
Winthrop Eagles,135.0,3.349,15,7,0-2,2,0.0,-4.0,-6.0,LOW,0-0,0,,,,NONE,1-1,2,0.5,3.0,4.5,LOW,6-5,11,0.545,3.091,4.636,HIGH,10.615,0-2,2,0.0,-6.0,7-6,13,0.538,4.615,4.982
Loyola Marymount Lions,136.0,3.205,17,10,0-3,3,0.0,-20.333,-30.5,MEDIUM,0-1,1,0.0,-10.0,-15.0,LOW,3-2,5,0.6,1.8,2.7,HIGH,7-1,8,0.875,14.625,21.938,HIGH,41.163,0-4,4,0.0,-26.625,10-3,13,0.769,14.538,19.589
San Diego State Aztecs,137.0,3.179,13,9,0-2,2,0.0,-31.5,-47.25,LOW,1-1,2,0.5,0.5,0.75,LOW,2-1,3,0.667,6.333,9.5,MEDIUM,6-0,6,1.0,17.833,26.75,HIGH,44.25,1-3,4,0.25,-23.25,8-1,9,0.889,21.0,27.444
Harvard Crimson,138.0,3.028,14,6,0-0,0,,,,NONE,0-1,1,0.0,-26.0,-39.0,LOW,0-2,2,0.0,-8.5,-12.75,LOW,6-5,11,0.545,3.0,4.5,HIGH,40.846,0-1,1,0.0,-39.0,6-7,13,0.462,1.846,17.885
Wofford Terriers,139.0,2.87,14,9,0-0,0,,,,NONE,0-0,0,,,,NONE,0-1,1,0.0,-31.0,-46.5,LOW,9-4,13,0.692,1.923,2.885,HIGH,,0-0,0,,,9-5,14,0.643,-0.643,24.692
Mississippi State Bulldogs,140.0,2.802,15,10,1-1,2,0.5,1.5,2.25,LOW,2-0,2,1.0,7.5,11.25,LOW,1-2,3,0.333,-5.333,-8.0,MEDIUM,6-2,8,0.75,9.125,13.688,HIGH,1.023,3-1,4,0.75,6.75,7-4,11,0.636,7.773,8.528
Samford Bulldogs,141.0,2.802,14,7,0-1,1,0.0,-4.0,-6.0,LOW,0-1,1,0.0,-44.0,-66.0,LOW,0-1,1,0.0,-9.0,-13.5,LOW,7-4,11,0.636,0.182,0.273,HIGH,35.125,0-2,2,0.0,-36.0,7-5,12,0.583,-0.875,26.26
Creighton Bluejays,142.0,2.729,16,10,0-4,4,0.0,-17.0,-25.5,MEDIUM,2-1,3,0.667,0.333,0.5,MEDIUM,1-1,2,0.5,1.5,2.25,LOW,7-0,7,1.0,25.0,37.5,HIGH,44.024,2-5,7,0.286,-14.357,8-1,9,0.889,29.667,22.402
Elon Phoenix,143.0,2.701,14,8,0-1,1,0.0,-27.0,-40.5,LOW,0-1,1,0.0,-1.0,-1.5,LOW,2-2,4,0.5,7.25,10.875,MEDIUM,6-2,8,0.75,4.875,7.312,HIGH,29.5,0-2,2,0.0,-21.0,8-4,12,0.667,8.5,20.448
Alabama Crimson Tide,144.0,2.653,15,11,1-4,5,0.2,-8.0,-12.0,HIGH,5-0,5,1.0,12.6,18.9,HIGH,1-0,1,1.0,39.0,58.5,LOW,4-0,4,1.0,28.75,43.125,MEDIUM,42.75,6-4,10,0.6,3.45,5-0,5,1.0,46.2,26.64
Texas Tech Red Raiders,145.0,2.65,15,11,4-4,8,0.5,0.75,1.125,HIGH,0-0,0,,,,NONE,3-0,3,1.0,14.0,21.0,MEDIUM,4-0,4,1.0,27.0,40.5,MEDIUM,31.018,4-4,8,0.5,1.125,7-0,7,1.0,32.143,16.075
UC Santa Barbara Gauchos,146.0,2.644,14,7,0-0,0,,,,NONE,0-1,1,0.0,-15.0,-22.5,LOW,0-0,0,,,,NONE,7-6,13,0.538,1.846,2.769,HIGH,25.269,0-1,1,0.0,-22.5,7-6,13,0.538,2.769,12.635
St. Bonaventure Bonnies,147.0,2.592,14,10,0-1,1,0.0,-15.0,-22.5,LOW,0-0,0,,,,NONE,1-0,1,1.0,5.0,7.5,LOW,9-3,12,0.75,5.583,8.375,HIGH,30.808,0-1,1,0.0,-22.5,10-3,13,0.769,8.308,14.353
Monmouth Hawks,148.0,2.578,15,7,0-1,1,0.0,-12.0,-18.0,LOW,0-2,2,0.0,-8.5,-12.75,LOW,0-0,0,,,,NONE,7-5,12,0.583,2.333,3.5,HIGH,18.0,0-3,3,0.0,-14.5,7-5,12,0.583,3.5,9.152
Davidson Wildcats,149.0,2.333,14,9,1-2,3,0.333,-13.0,-19.5,MEDIUM,0-1,1,0.0,-5.0,-7.5,LOW,3-1,4,0.75,3.25,4.875,MEDIUM,5-1,6,0.833,11.833,17.75,HIGH,29.1,1-3,4,0.25,-16.5,8-2,10,0.8,12.6,13.879
UNLV Rebels,150.0,2.082,13,6,0-1,1,0.0,-32.0,-48.0,LOW,0-0,0,,,,NONE,1-2,3,0.333,-10.0,-15.0,MEDIUM,5-4,9,0.556,5.889,8.833,HIGH,50.875,0-1,1,0.0,-48.0,6-6,12,0.5,2.875,23.302
Idaho Vandals,151.0,2.065,12,6,0-0,0,,,,NONE,0-2,2,0.0,-11.5,-17.25,LOW,1-0,1,1.0,2.0,3.0,LOW,5-4,9,0.556,2.0,3.0,HIGH,20.25,0-2,2,0.0,-17.25,6-4,10,0.6,3.0,9.546
Vermont Catamounts,152.0,2.041,15,8,0-0,0,,,,NONE,0-1,1,0.0,-3.0,-4.5,LOW,1-1,2,0.5,0.0,0.0,LOW,7-5,12,0.583,1.083,1.625,HIGH,5.893,0-1,1,0.0,-4.5,8-6,14,0.571,1.393,2.591
App State Mountaineers,153.0,1.88,15,8,1-0,1,1.0,8.0,12.0,LOW,0-1,1,0.0,-22.0,-33.0,LOW,0-1,1,0.0,-8.0,-12.0,LOW,7-5,12,0.583,-0.333,-0.5,HIGH,9.115,1-1,2,0.5,-10.5,7-6,13,0.538,-1.385,16.558
Auburn Tigers,154.0,1.728,15,9,1-6,7,0.143,-12.0,-18.0,HIGH,1-0,1,1.0,11.0,16.5,LOW,1-0,1,1.0,11.0,16.5,LOW,6-0,6,1.0,29.167,43.75,HIGH,53.545,2-6,8,0.25,-13.688,7-0,7,1.0,39.857,21.907
Quinnipiac Bobcats,155.0,1.701,15,10,0-1,1,0.0,-11.0,-16.5,LOW,0-2,2,0.0,-35.5,-53.25,LOW,3-0,3,1.0,17.0,25.5,MEDIUM,7-2,9,0.778,6.222,9.333,HIGH,54.375,0-3,3,0.0,-41.0,10-2,12,0.833,13.375,29.751
Louisiana Tech Bulldogs,156.0,1.681,12,5,0-0,0,,,,NONE,0-1,1,0.0,-8.0,-12.0,LOW,0-0,0,,,,NONE,5-6,11,0.455,-2.273,-3.409,HIGH,8.591,0-1,1,0.0,-12.0,5-6,11,0.455,-3.409,4.295
Boston College Eagles,157.0,1.672,15,7,0-2,2,0.0,-8.5,-12.75,LOW,1-1,2,0.5,-3.5,-5.25,LOW,1-3,4,0.25,-1.25,-1.875,MEDIUM,5-2,7,0.714,8.571,12.857,HIGH,16.5,1-3,4,0.25,-9.0,6-5,11,0.545,7.5,9.309
Wake Forest Demon Deacons,158.0,1.638,16,10,1-5,6,0.167,-9.667,-14.5,HIGH,1-0,1,1.0,3.0,4.5,LOW,0-1,1,0.0,-1.0,-1.5,LOW,8-0,8,1.0,20.875,31.312,HIGH,39.452,2-5,7,0.286,-11.786,8-1,9,0.889,27.667,16.696
UT Arlington Mavericks,159.0,1.467,13,8,0-0,0,,,,NONE,0-0,0,,,,NONE,1-0,1,1.0,1.0,1.5,LOW,7-5,12,0.583,0.667,1.0,HIGH,,0-0,0,,,8-5,13,0.615,1.038,0.25
Oregon Ducks,160.0,1.465,16,8,0-1,1,0.0,-9.0,-13.5,LOW,0-2,2,0.0,-10.5,-15.75,LOW,0-3,3,0.0,-11.0,-16.5,MEDIUM,8-2,10,0.8,11.8,17.7,HIGH,24.808,0-3,3,0.0,-15.0,8-5,13,0.615,9.808,14.31
North Texas Mean Green,161.0,1.412,14,8,0-2,2,0.0,-20.5,-30.75,LOW,0-1,1,0.0,-3.0,-4.5,LOW,0-0,0,,,,NONE,8-3,11,0.727,4.636,6.955,HIGH,28.955,0-3,3,0.0,-22.0,8-3,11,0.727,6.955,15.783
Colorado State Rams,162.0,1.41,14,9,0-1,1,0.0,-42.0,-63.0,LOW,1-1,2,0.5,1.5,2.25,LOW,0-0,0,,,,NONE,8-3,11,0.727,10.091,15.136,HIGH,34.636,1-2,3,0.333,-19.5,8-3,11,0.727,15.136,34.203
Hampton Pirates,163.0,1.377,15,6,0-1,1,0.0,-38.0,-57.0,LOW,0-0,0,,,,NONE,1-2,3,0.333,-3.667,-5.5,MEDIUM,5-6,11,0.455,0.455,0.682,HIGH,56.357,0-1,1,0.0,-57.0,6-8,14,0.429,-0.643,25.858
Texas State Bobcats,164.0,1.35,15,7,0-1,1,0.0,-35.0,-52.5,LOW,0-0,0,,,,NONE,0-1,1,0.0,-20.0,-30.0,LOW,7-6,13,0.538,-0.462,-0.692,HIGH,49.714,0-1,1,0.0,-52.5,7-7,14,0.5,-2.786,21.211
Eastern Michigan Eagles,165.0,1.348,15,7,0-1,1,0.0,-41.0,-61.5,LOW,1-1,2,0.5,-4.0,-6.0,LOW,0-1,1,0.0,-12.0,-18.0,LOW,6-5,11,0.545,3.091,4.636,HIGH,27.25,1-2,3,0.333,-24.5,6-6,12,0.5,2.75,25.145
Arkansas State Red Wolves,166.0,1.297,14,9,0-1,1,0.0,-13.0,-19.5,LOW,0-0,0,,,,NONE,1-0,1,1.0,12.0,18.0,LOW,8-4,12,0.667,1.5,2.25,HIGH,22.962,0-1,1,0.0,-19.5,9-4,13,0.692,3.462,15.374
UMBC Retrievers,167.0,1.274,12,6,0-0,0,,,,NONE,0-0,0,,,,NONE,0-1,1,0.0,-9.0,-13.5,LOW,6-5,11,0.545,-0.909,-1.364,HIGH,,0-0,0,,,6-6,12,0.5,-2.375,6.068
Charleston Cougars,168.0,1.262,15,9,0-1,1,0.0,-23.0,-34.5,LOW,0-1,1,0.0,-11.0,-16.5,LOW,0-1,1,0.0,-17.0,-25.5,LOW,9-3,12,0.75,5.333,8.0,HIGH,30.923,0-2,2,0.0,-25.5,9-4,13,0.692,5.423,15.841
Kansas State Wildcats,169.0,1.165,15,9,0-6,6,0.0,-13.333,-20.0,HIGH,0-0,0,,,,NONE,1-0,1,1.0,21.0,31.5,LOW,8-0,8,1.0,20.625,30.938,HIGH,51.0,0-6,6,0.0,-20.0,9-0,9,1.0,31.0,24.146
Sam Houston Bearkats,170.0,1.12,12,6,1-1,2,0.5,-1.0,-1.5,LOW,0-0,0,,,,NONE,0-3,3,0.0,-12.0,-18.0,MEDIUM,5-2,7,0.714,7.286,10.929,HIGH,3.75,1-1,2,0.5,-1.5,5-5,10,0.5,2.25,11.849
Robert Morris Colonials,171.0,0.968,15,9,0-1,1,0.0,-32.0,-48.0,LOW,0-0,0,,,,NONE,0-0,0,,,,NONE,9-5,14,0.643,1.857,2.786,HIGH,50.786,0-1,1,0.0,-48.0,9-5,14,0.643,2.786,25.393
Pennsylvania Quakers,172.0,0.934,13,6,0-0,0,,,,NONE,0-1,1,0.0,-27.0,-40.5,LOW,0-1,1,0.0,-25.0,-37.5,LOW,6-5,11,0.545,2.727,4.091,HIGH,41.125,0-1,1,0.0,-40.5,6-6,12,0.5,0.625,20.35
Pittsburgh Panthers,173.0,0.891,15,7,0-4,4,0.0,-11.75,-17.625,MEDIUM,1-2,3,0.333,-7.333,-11.0,MEDIUM,2-0,2,1.0,23.0,34.5,LOW,4-2,6,0.667,15.333,23.0,HIGH,40.661,1-6,7,0.143,-14.786,6-2,8,0.75,25.875,22.037
Radford Highlanders,174.0,0.853,14,6,0-1,1,0.0,-15.0,-22.5,LOW,0-1,1,0.0,-29.0,-43.5,LOW,1-0,1,1.0,7.0,10.5,LOW,5-6,11,0.455,1.0,1.5,HIGH,35.25,0-2,2,0.0,-33.0,6-6,12,0.5,2.25,21.107
Marshall Thundering Herd,175.0,0.848,15,10,0-1,1,0.0,-26.0,-39.0,LOW,0-0,0,,,,NONE,1-1,2,0.5,0.0,0.0,LOW,9-3,12,0.75,4.583,6.875,HIGH,44.893,0-1,1,0.0,-39.0,10-4,14,0.714,5.893,20.201
Penn State Nittany Lions,176.0,0.716,15,9,0-3,3,0.0,-17.0,-25.5,MEDIUM,0-1,1,0.0,-4.0,-6.0,LOW,0-2,2,0.0,-23.0,-34.5,LOW,9-0,9,1.0,17.0,25.5,HIGH,35.216,0-4,4,0.0,-20.625,9-2,11,0.818,14.591,23.004
James Madison Dukes,177.0,0.554,15,7,0-1,1,0.0,-29.0,-43.5,LOW,0-1,1,0.0,-4.0,-6.0,LOW,0-0,0,,,,NONE,7-6,13,0.538,-0.846,-1.269,HIGH,23.481,0-2,2,0.0,-24.75,7-6,13,0.538,-1.269,18.892
Montana State Bobcats,178.0,0.541,13,6,0-1,1,0.0,-3.0,-4.5,LOW,0-1,1,0.0,-6.0,-9.0,LOW,1-1,2,0.5,5.0,7.5,LOW,5-4,9,0.556,0.556,0.833,HIGH,8.795,0-2,2,0.0,-6.75,6-5,11,0.545,2.045,6.155
Idaho State Bengals,179.0,0.439,13,5,0-0,0,,,,NONE,0-2,2,0.0,-6.5,-9.75,LOW,0-2,2,0.0,-14.5,-21.75,LOW,5-4,9,0.556,4.778,7.167,HIGH,11.659,0-2,2,0.0,-9.75,5-6,11,0.455,1.909,11.862
Toledo Rockets,180.0,-0.03,13,7,0-1,1,0.0,-15.0,-22.5,LOW,0-1,1,0.0,-23.0,-34.5,LOW,1-0,1,1.0,7.0,10.5,LOW,6-4,10,0.6,3.6,5.4,HIGH,34.364,0-2,2,0.0,-28.5,7-4,11,0.636,5.864,18.799
Troy Trojans,181.0,-0.038,14,8,0-0,0,,,,NONE,0-0,0,,,,NONE,1-1,2,0.5,0.0,0.0,LOW,7-5,12,0.583,1.167,1.75,HIGH,,0-0,0,,,8-6,14,0.571,1.5,0.875
Fresno State Bulldogs,182.0,-0.066,14,6,0-2,2,0.0,-16.5,-24.75,LOW,1-1,2,0.5,-2.0,-3.0,LOW,0-2,2,0.0,-6.5,-9.75,LOW,5-3,8,0.625,7.625,11.438,HIGH,21.075,1-3,4,0.25,-13.875,5-5,10,0.5,7.2,13.016
Tarleton State Texans,183.0,-0.07,13,7,0-1,1,0.0,-36.0,-54.0,LOW,0-3,3,0.0,-12.333,-18.5,MEDIUM,0-0,0,,,,NONE,7-2,9,0.778,8.111,12.167,HIGH,39.542,0-4,4,0.0,-27.375,7-2,9,0.778,12.167,27.036
Brown Bears,184.0,-0.144,12,4,0-0,0,,,,NONE,0-1,1,0.0,-17.0,-25.5,LOW,0-2,2,0.0,-8.0,-12.0,LOW,4-5,9,0.444,0.111,0.167,HIGH,23.455,0-1,1,0.0,-25.5,4-7,11,0.364,-2.045,10.483
Chattanooga Mocs,185.0,-0.364,13,3,0-1,1,0.0,-21.0,-31.5,LOW,0-0,0,,,,NONE,0-3,3,0.0,-17.333,-26.0,MEDIUM,3-6,9,0.333,-3.111,-4.667,HIGH,21.5,0-1,1,0.0,-31.5,3-9,12,0.25,-10.0,11.573
Cornell Big Red,186.0,-0.394,12,5,0-0,0,,,,NONE,0-1,1,0.0,-17.0,-25.5,LOW,0-1,1,0.0,-3.0,-4.5,LOW,5-5,10,0.5,1.5,2.25,HIGH,27.136,0-1,1,0.0,-25.5,5-6,11,0.455,1.636,11.816
Utah Utes,187.0,-0.451,15,8,0-1,1,0.0,-19.0,-28.5,LOW,0-2,2,0.0,-10.5,-15.75,LOW,2-1,3,0.667,-1.333,-2.0,MEDIUM,6-3,9,0.667,5.222,7.833,HIGH,25.375,0-3,3,0.0,-20.0,8-4,12,0.667,5.375,13.754
Valparaiso Beacons,188.0,-0.56,15,7,0-0,0,,,,NONE,0-3,3,0.0,-24.667,-37.0,MEDIUM,0-0,0,,,,NONE,7-5,12,0.583,4.833,7.25,HIGH,44.25,0-3,3,0.0,-37.0,7-5,12,0.583,7.25,22.125
Florida State Seminoles,189.0,-0.577,15,7,0-5,5,0.0,-20.4,-30.6,HIGH,1-0,1,1.0,26.0,39.0,LOW,0-1,1,0.0,-2.0,-3.0,LOW,6-2,8,0.75,18.5,27.75,HIGH,43.333,1-5,6,0.167,-19.0,6-3,9,0.667,24.333,27.211
Long Island University Sharks,190.0,-0.999,16,9,0-2,2,0.0,-27.5,-41.25,LOW,0-1,1,0.0,-22.0,-33.0,LOW,1-2,3,0.333,0.0,0.0,MEDIUM,8-2,10,0.8,4.4,6.6,HIGH,43.577,0-3,3,0.0,-38.5,9-4,13,0.692,5.077,20.555
Mercer Bears,191.0,-1.098,13,6,0-2,2,0.0,-16.5,-24.75,LOW,0-1,1,0.0,-7.0,-10.5,LOW,1-2,3,0.333,-11.333,-17.0,MEDIUM,5-2,7,0.714,10.714,16.071,HIGH,26.15,0-3,3,0.0,-20.0,6-4,10,0.6,6.15,15.353
Tulane Green Wave,192.0,-1.438,14,10,0-1,1,0.0,-21.0,-31.5,LOW,0-1,1,0.0,-26.0,-39.0,LOW,5-0,5,1.0,5.8,8.7,HIGH,5-2,7,0.714,-0.857,-1.286,HIGH,38.125,0-2,2,0.0,-35.25,10-2,12,0.833,2.875,19.973
Washington State Cougars,193.0,-1.589,16,7,0-1,1,0.0,-14.0,-21.0,LOW,0-1,1,0.0,-12.0,-18.0,LOW,1-2,3,0.333,-5.667,-8.5,MEDIUM,6-5,11,0.545,2.727,4.091,HIGH,20.893,0-2,2,0.0,-19.5,7-7,14,0.5,1.393,9.784
South Carolina Upstate Spartans,194.0,-1.61,14,5,0-2,2,0.0,-13.5,-20.25,LOW,0-0,0,,,,NONE,1-0,1,1.0,1.0,1.5,LOW,4-7,11,0.364,-2.091,-3.136,HIGH,17.5,0-2,2,0.0,-20.25,5-7,12,0.417,-2.75,9.354
Iona Gaels,195.0,-1.826,16,10,0-0,0,,,,NONE,0-1,1,0.0,-27.0,-40.5,LOW,0-0,0,,,,NONE,10-5,15,0.667,0.267,0.4,HIGH,40.9,0-1,1,0.0,-40.5,10-5,15,0.667,0.4,20.45
Central Connecticut Blue Devils,196.0,-1.855,12,6,0-1,1,0.0,-16.0,-24.0,LOW,0-0,0,,,,NONE,1-0,1,1.0,1.0,1.5,LOW,5-5,10,0.5,-1.6,-2.4,HIGH,21.955,0-1,1,0.0,-24.0,6-5,11,0.545,-2.045,11.215
Tennessee State Tigers,197.0,-1.859,12,7,0-2,2,0.0,-18.5,-27.75,LOW,0-0,0,,,,NONE,1-0,1,1.0,3.0,4.5,LOW,6-3,9,0.667,0.556,0.833,HIGH,28.95,0-2,2,0.0,-27.75,7-3,10,0.7,1.2,14.416
Boise State Broncos,198.0,-1.893,13,8,1-1,2,0.5,-5.0,-7.5,LOW,2-0,2,1.0,16.5,24.75,LOW,0-2,2,0.0,-3.0,-4.5,LOW,5-2,7,0.714,3.714,5.571,HIGH,-5.292,3-1,4,0.75,8.625,5-4,9,0.556,3.333,12.611
Lipscomb Bisons,199.0,-1.901,14,7,0-3,3,0.0,-25.0,-37.5,MEDIUM,0-1,1,0.0,-27.0,-40.5,LOW,0-1,1,0.0,-15.0,-22.5,LOW,7-2,9,0.778,11.778,17.667,HIGH,51.9,0-4,4,0.0,-38.25,7-3,10,0.7,13.65,23.181
Grambling Tigers,200.0,-1.933,13,6,0-1,1,0.0,-40.0,-60.0,LOW,0-1,1,0.0,-26.0,-39.0,LOW,1-0,1,1.0,9.0,13.5,LOW,5-5,10,0.5,-0.1,-0.15,HIGH,50.591,0-2,2,0.0,-49.5,6-5,11,0.545,1.091,29.45
Jacksonville State Gamecocks,201.0,-1.956,12,5,0-0,0,,,,NONE,0-0,0,,,,NONE,0-0,0,,,,NONE,5-7,12,0.417,-1.583,-2.375,HIGH,,0-0,0,,,5-7,12,0.417,-2.375,
Lamar Cardinals,202.0,-2.21,13,5,0-1,1,0.0,-13.0,-19.5,LOW,0-1,1,0.0,-12.0,-18.0,LOW,0-1,1,0.0,-18.0,-27.0,LOW,5-5,10,0.5,0.5,0.75,HIGH,16.977,0-2,2,0.0,-18.75,5-6,11,0.455,-1.773,10.22
Missouri State Bears,203.0,-2.248,12,6,0-0,0,,,,NONE,0-1,1,0.0,-10.0,-15.0,LOW,1-0,1,1.0,7.0,10.5,LOW,5-5,10,0.5,-2.0,-3.0,HIGH,13.227,0-1,1,0.0,-15.0,6-5,11,0.545,-1.773,10.416
Portland State Vikings,204.0,-2.537,10,5,0-0,0,,,,NONE,0-1,1,0.0,-11.0,-16.5,LOW,1-1,2,0.5,-2.5,-3.75,LOW,4-3,7,0.571,1.857,2.786,HIGH,17.833,0-1,1,0.0,-16.5,5-4,9,0.556,1.333,8.008
Dartmouth Big Green,205.0,-2.567,12,5,0-1,1,0.0,-13.0,-19.5,LOW,0-0,0,,,,NONE,0-2,2,0.0,-15.0,-22.5,LOW,5-4,9,0.556,0.444,0.667,HIGH,15.955,0-1,1,0.0,-19.5,5-6,11,0.455,-3.545,10.287
Arizona State Sun Devils,206.0,-2.577,15,9,1-2,3,0.333,-8.0,-12.0,MEDIUM,2-2,4,0.5,-3.75,-5.625,MEDIUM,1-1,2,0.5,-3.5,-5.25,LOW,5-1,6,0.833,12.333,18.5,HIGH,20.92,3-4,7,0.429,-8.357,6-2,8,0.75,12.562,11.626
Southeast Missouri State Redhawks,207.0,-2.636,13,6,0-3,3,0.0,-19.667,-29.5,MEDIUM,0-0,0,,,,NONE,1-0,1,1.0,9.0,13.5,LOW,5-4,9,0.556,2.111,3.167,HIGH,33.7,0-3,3,0.0,-29.5,6-4,10,0.6,4.2,18.327
Charlotte 49ers,208.0,-2.644,15,7,0-1,1,0.0,-26.0,-39.0,LOW,0-2,2,0.0,-5.5,-8.25,LOW,1-3,4,0.25,0.25,0.375,MEDIUM,6-2,8,0.75,6.5,9.75,HIGH,25.125,0-3,3,0.0,-18.5,7-5,12,0.583,6.625,18.301
Longwood Lancers,209.0,-2.737,15,6,0-1,1,0.0,-13.0,-19.5,LOW,0-0,0,,,,NONE,1-2,3,0.333,-3.0,-4.5,MEDIUM,5-6,11,0.455,-4.273,-6.409,HIGH,13.5,0-1,1,0.0,-19.5,6-8,14,0.429,-6.0,6.667
Sacred Heart Pioneers,210.0,-2.92,15,4,0-0,0,,,,NONE,0-1,1,0.0,-34.0,-51.0,LOW,0-3,3,0.0,-15.0,-22.5,MEDIUM,4-7,11,0.364,-1.455,-2.182,HIGH,44.464,0-1,1,0.0,-51.0,4-10,14,0.286,-6.536,20.023
Saint Peter's Peacocks,211.0,-3.007,11,6,0-1,1,0.0,-27.0,-40.5,LOW,0-0,0,,,,NONE,0-1,1,0.0,-8.0,-12.0,LOW,6-3,9,0.667,1.333,2.0,HIGH,41.1,0-1,1,0.0,-40.5,6-4,10,0.6,0.6,17.684
Coastal Carolina Chanticleers,212.0,-3.052,16,7,0-0,0,,,,NONE,0-1,1,0.0,-1.0,-1.5,LOW,2-2,4,0.5,-3.75,-5.625,MEDIUM,5-6,11,0.455,-5.0,-7.5,HIGH,-5.5,0-1,1,0.0,-1.5,7-8,15,0.467,-7.0,2.506
South Dakota State Jackrabbits,213.0,-3.131,15,6,0-2,2,0.0,-21.5,-32.25,LOW,0-2,2,0.0,-15.0,-22.5,LOW,0-1,1,0.0,-14.0,-21.0,LOW,6-4,10,0.6,7.7,11.55,HIGH,35.966,0-4,4,0.0,-27.375,6-5,11,0.545,8.591,16.51
Le Moyne Dolphins,214.0,-3.184,15,6,0-1,1,0.0,-23.0,-34.5,LOW,0-1,1,0.0,-42.0,-63.0,LOW,0-1,1,0.0,-8.0,-12.0,LOW,6-6,12,0.5,1.75,2.625,HIGH,50.25,0-2,2,0.0,-48.75,6-7,13,0.462,1.5,24.772
Memphis Tigers,215.0,-3.275,14,7,0-3,3,0.0,-14.0,-21.0,MEDIUM,1-0,1,1.0,7.0,10.5,LOW,2-4,6,0.333,-1.833,-2.75,HIGH,4-0,4,1.0,14.75,22.125,MEDIUM,20.325,1-3,4,0.25,-13.125,6-4,10,0.6,7.2,16.036
Western Kentucky Hilltoppers,216.0,-3.277,13,7,0-1,1,0.0,-5.0,-7.5,LOW,0-0,0,,,,NONE,2-1,3,0.667,0.667,1.0,MEDIUM,5-4,9,0.556,0.333,0.5,HIGH,8.125,0-1,1,0.0,-7.5,7-5,12,0.583,0.625,3.894
Wagner Seahawks,217.0,-3.37,11,3,0-1,1,0.0,-7.0,-10.5,LOW,0-0,0,,,,NONE,0-1,1,0.0,-17.0,-25.5,LOW,3-6,9,0.333,-5.111,-7.667,HIGH,1.05,0-1,1,0.0,-10.5,3-7,10,0.3,-9.45,7.825
Oregon State Beavers,218.0,-3.638,18,9,0-0,0,,,,NONE,0-1,1,0.0,-38.0,-57.0,LOW,2-4,6,0.333,-9.0,-13.5,HIGH,7-4,11,0.636,3.273,4.909,HIGH,55.412,0-1,1,0.0,-57.0,9-8,17,0.529,-1.588,25.957
UC Davis Aggies,219.0,-3.68,13,7,0-0,0,,,,NONE,0-1,1,0.0,-16.0,-24.0,LOW,0-1,1,0.0,-42.0,-63.0,LOW,7-4,11,0.636,4.909,7.364,HIGH,25.5,0-1,1,0.0,-24.0,7-5,12,0.583,1.5,28.782
Furman Paladins,220.0,-3.811,13,8,0-1,1,0.0,-26.0,-39.0,LOW,0-1,1,0.0,-16.0,-24.0,LOW,1-1,2,0.5,-0.5,-0.75,LOW,7-2,9,0.778,5.222,7.833,HIGH,37.773,0-2,2,0.0,-31.5,8-3,11,0.727,6.273,18.556
Saint Joseph's Hawks,221.0,-3.822,14,7,0-1,1,0.0,-23.0,-34.5,LOW,1-2,3,0.333,-14.0,-21.0,MEDIUM,0-2,2,0.0,-10.0,-15.0,LOW,6-2,8,0.75,6.5,9.75,HIGH,29.175,1-3,4,0.25,-24.375,6-4,10,0.6,4.8,16.036
Merrimack Warriors,222.0,-3.872,16,9,0-0,0,,,,NONE,0-0,0,,,,NONE,0-2,2,0.0,-36.5,-54.75,LOW,9-5,14,0.643,0.286,0.429,HIGH,,0-0,0,,,9-7,16,0.562,-6.469,27.589
Southern Illinois Salukis,223.0,-3.972,16,7,2-0,2,1.0,1.5,2.25,LOW,0-0,0,,,,NONE,0-0,0,,,,NONE,5-9,14,0.357,1.0,1.5,HIGH,-0.75,2-0,2,1.0,2.25,5-9,14,0.357,1.5,0.375
Utah Tech Trailblazers,224.0,-4.108,14,6,0-1,1,0.0,-26.0,-39.0,LOW,0-1,1,0.0,-10.0,-15.0,LOW,1-0,1,1.0,2.0,3.0,LOW,5-6,11,0.455,-1.818,-2.727,HIGH,24.75,0-2,2,0.0,-27.0,6-6,12,0.5,-2.25,16.131
Nicholls Colonels,225.0,-4.156,14,6,0-1,1,0.0,-14.0,-21.0,LOW,0-1,1,0.0,-26.0,-39.0,LOW,0-1,1,0.0,-13.0,-19.5,LOW,6-5,11,0.545,-0.909,-1.364,HIGH,27.125,0-2,2,0.0,-30.0,6-6,12,0.5,-2.875,13.317
Northeastern Huskies,226.0,-4.159,15,5,0-0,0,,,,NONE,0-1,1,0.0,-8.0,-12.0,LOW,2-1,3,0.667,5.0,7.5,MEDIUM,3-8,11,0.273,-5.364,-8.045,HIGH,7.286,0-1,1,0.0,-12.0,5-9,14,0.357,-4.714,8.417
Indiana State Sycamores,227.0,-4.247,14,6,1-1,2,0.5,-18.5,-27.75,LOW,1-1,2,0.5,0.0,0.0,LOW,1-1,2,0.5,3.5,5.25,LOW,3-5,8,0.375,-1.5,-2.25,HIGH,13.125,2-2,4,0.5,-13.875,4-6,10,0.4,-0.75,12.743
Marquette Golden Eagles,228.0,-4.543,16,6,0-5,5,0.0,-13.2,-19.8,HIGH,0-0,0,,,,NONE,0-2,2,0.0,-14.5,-21.75,LOW,6-3,9,0.667,7.667,11.5,HIGH,25.255,0-5,5,0.0,-19.8,6-5,11,0.545,5.455,15.235
Howard Bison,229.0,-4.578,13,6,0-2,2,0.0,-29.0,-43.5,LOW,0-1,1,0.0,-20.0,-30.0,LOW,2-1,3,0.667,1.667,2.5,MEDIUM,4-3,7,0.571,2.571,3.857,HIGH,42.45,0-3,3,0.0,-39.0,6-4,10,0.6,3.45,20.533
Incarnate Word Cardinals,230.0,-4.635,12,5,0-3,3,0.0,-7.667,-11.5,MEDIUM,1-0,1,1.0,4.0,6.0,LOW,0-0,0,,,,NONE,4-4,8,0.5,0.125,0.188,HIGH,7.312,1-3,4,0.25,-7.125,4-4,8,0.5,0.188,7.277
Drake Bulldogs,231.0,-4.659,14,6,0-1,1,0.0,-9.0,-13.5,LOW,1-1,2,0.5,4.0,6.0,LOW,1-0,1,1.0,9.0,13.5,LOW,4-6,10,0.4,-0.5,-0.75,HIGH,1.045,1-2,3,0.333,-0.5,5-6,11,0.455,0.545,9.927
Boston University Terriers,232.0,-4.688,15,5,0-0,0,,,,NONE,0-1,1,0.0,-24.0,-36.0,LOW,1-1,2,0.5,2.0,3.0,LOW,4-8,12,0.333,-2.667,-4.0,HIGH,33.0,0-1,1,0.0,-36.0,5-9,14,0.357,-3.0,16.977
UT Rio Grande Valley Vaqueros,233.0,-4.744,13,4,0-1,1,0.0,-14.0,-21.0,LOW,0-1,1,0.0,-15.0,-22.5,LOW,0-1,1,0.0,-20.0,-30.0,LOW,4-6,10,0.4,1.0,1.5,HIGH,20.386,0-2,2,0.0,-21.75,4-7,11,0.364,-1.364,11.763
American University Eagles,234.0,-4.783,14,7,0-1,1,0.0,-44.0,-66.0,LOW,0-0,0,,,,NONE,0-1,1,0.0,-14.0,-21.0,LOW,7-5,12,0.583,0.417,0.625,HIGH,64.962,0-1,1,0.0,-66.0,7-6,13,0.538,-1.038,27.752
Loyola Maryland Greyhounds,235.0,-4.856,14,3,0-0,0,,,,NONE,0-1,1,0.0,-42.0,-63.0,LOW,0-1,1,0.0,-22.0,-33.0,LOW,3-9,12,0.25,-5.083,-7.625,HIGH,53.423,0-1,1,0.0,-63.0,3-10,13,0.231,-9.577,22.633
Central Arkansas Bears,236.0,-5.229,14,5,0-3,3,0.0,-29.333,-44.0,MEDIUM,0-0,0,,,,NONE,0-2,2,0.0,-12.5,-18.75,LOW,5-4,9,0.556,6.111,9.167,HIGH,48.091,0-3,3,0.0,-44.0,5-6,11,0.455,4.091,21.714
UIC Flames,237.0,-5.341,14,4,0-2,2,0.0,-6.5,-9.75,LOW,0-2,2,0.0,-10.0,-15.0,LOW,0-0,0,,,,NONE,4-6,10,0.4,0.7,1.05,HIGH,13.425,0-4,4,0.0,-12.375,4-6,10,0.4,1.05,6.682
Delaware Blue Hens,238.0,-5.351,14,5,0-1,1,0.0,-17.0,-25.5,LOW,1-0,1,1.0,15.0,22.5,LOW,0-1,1,0.0,-23.0,-34.5,LOW,4-7,11,0.364,-3.818,-5.727,HIGH,-6.625,1-1,2,0.5,-1.5,4-8,12,0.333,-8.125,21.866
Southern Miss Golden Eagles,239.0,-5.586,15,8,0-2,2,0.0,-26.0,-39.0,LOW,0-1,1,0.0,-4.0,-6.0,LOW,1-2,3,0.333,-0.333,-0.5,MEDIUM,7-2,9,0.778,5.778,8.667,HIGH,34.375,0-3,3,0.0,-28.0,8-4,12,0.667,6.375,17.98
Cal State Northridge Matadors,240.0,-5.592,15,8,0-0,0,,,,NONE,0-1,1,0.0,-29.0,-43.5,LOW,2-0,2,1.0,5.5,8.25,LOW,6-6,12,0.5,-1.833,-2.75,HIGH,42.321,0-1,1,0.0,-43.5,8-6,14,0.571,-1.179,22.26
San Diego Toreros,241.0,-5.629,16,6,0-1,1,0.0,-6.0,-9.0,LOW,1-2,3,0.333,-18.667,-28.0,MEDIUM,2-2,4,0.5,-0.25,-0.375,MEDIUM,3-5,8,0.375,-2.5,-3.75,HIGH,20.625,1-3,4,0.25,-23.25,5-7,12,0.417,-2.625,10.682
Florida Gulf Coast Eagles,242.0,-5.734,14,5,0-2,2,0.0,-32.5,-48.75,LOW,0-2,2,0.0,-1.5,-2.25,LOW,1-1,2,0.5,5.0,7.5,LOW,4-4,8,0.5,2.5,3.75,HIGH,30.0,0-4,4,0.0,-25.5,5-5,10,0.5,4.5,22.677
Florida International Panthers,243.0,-5.737,12,6,0-3,3,0.0,-21.333,-32.0,MEDIUM,0-0,0,,,,NONE,1-0,1,1.0,15.0,22.5,LOW,5-3,8,0.625,5.375,8.062,HIGH,41.667,0-3,3,0.0,-32.0,6-3,9,0.667,9.667,23.055
Milwaukee Panthers,244.0,-5.809,15,6,0-1,1,0.0,-31.0,-46.5,LOW,0-0,0,,,,NONE,1-2,3,0.333,-11.0,-16.5,MEDIUM,5-6,11,0.455,-0.636,-0.955,HIGH,42.214,0-1,1,0.0,-46.5,6-8,14,0.429,-4.286,18.903
South Dakota Coyotes,245.0,-5.839,14,5,0-2,2,0.0,-30.5,-45.75,LOW,0-0,0,,,,NONE,0-2,2,0.0,-16.0,-24.0,LOW,5-5,10,0.5,-1.0,-1.5,HIGH,40.5,0-2,2,0.0,-45.75,5-7,12,0.417,-5.25,18.066
Cal Poly Mustangs,246.0,-6.018,15,4,0-0,0,,,,NONE,1-1,2,0.5,-9.5,-14.25,LOW,1-1,2,0.5,-11.5,-17.25,LOW,2-9,11,0.182,-5.636,-8.455,HIGH,4.442,1-1,2,0.5,-14.25,3-10,13,0.231,-9.808,3.651
Colgate Raiders,247.0,-6.225,14,7,0-1,1,0.0,-19.0,-28.5,LOW,0-1,1,0.0,-11.0,-16.5,LOW,0-1,1,0.0,-30.0,-45.0,LOW,7-4,11,0.636,1.636,2.455,HIGH,21.0,0-2,2,0.0,-22.5,7-5,12,0.583,-1.5,17.317
Presbyterian Blue Hose,248.0,-6.563,14,5,0-0,0,,,,NONE,0-2,2,0.0,-30.0,-45.0,LOW,1-0,1,1.0,9.0,13.5,LOW,4-7,11,0.364,-4.0,-6.0,HIGH,40.625,0-2,2,0.0,-45.0,5-7,12,0.417,-4.375,24.321
Montana Grizzlies,249.0,-6.664,12,6,0-2,2,0.0,-22.5,-33.75,LOW,0-0,0,,,,NONE,2-0,2,1.0,9.0,13.5,LOW,4-4,8,0.5,-1.625,-2.438,HIGH,34.5,0-2,2,0.0,-33.75,6-4,10,0.6,0.75,19.627
Cal State Bakersfield Roadrunners,250.0,-6.762,15,6,0-0,0,,,,NONE,0-0,0,,,,NONE,1-2,3,0.333,-15.667,-23.5,MEDIUM,5-7,12,0.417,-6.083,-9.125,HIGH,,0-0,0,,,6-9,15,0.4,-12.0,7.188
Purdue Fort Wayne Mastodons,251.0,-7.245,15,7,0-1,1,0.0,-31.0,-46.5,LOW,1-1,2,0.5,-11.5,-17.25,LOW,1-1,2,0.5,3.5,5.25,LOW,5-5,10,0.5,-5.6,-8.4,HIGH,20.875,1-2,3,0.333,-27.0,6-6,12,0.5,-6.125,18.967
Maryland Terrapins,252.0,-7.259,15,7,0-5,5,0.0,-20.4,-30.6,HIGH,0-0,0,,,,NONE,1-3,4,0.25,-11.5,-17.25,MEDIUM,6-0,6,1.0,15.833,23.75,HIGH,37.95,0-5,5,0.0,-30.6,7-3,10,0.7,7.35,23.126
Xavier Musketeers,253.0,-7.681,16,9,1-3,4,0.25,-8.25,-12.375,MEDIUM,1-1,2,0.5,-7.0,-10.5,LOW,1-0,1,1.0,3.0,4.5,LOW,6-3,9,0.667,5.444,8.167,HIGH,19.55,2-4,6,0.333,-11.75,7-3,10,0.7,7.8,9.004
Abilene Christian Wildcats,254.0,-7.839,13,7,0-2,2,0.0,-26.0,-39.0,LOW,1-0,1,1.0,17.0,25.5,LOW,1-0,1,1.0,8.0,12.0,LOW,5-4,9,0.556,-4.556,-6.833,HIGH,12.55,1-2,3,0.333,-17.5,6-4,10,0.6,-4.95,24.21
Omaha Mavericks,255.0,-7.853,14,4,0-1,1,0.0,-26.0,-39.0,LOW,0-0,0,,,,NONE,0-2,2,0.0,-14.0,-21.0,LOW,4-7,11,0.364,-5.0,-7.5,HIGH,29.423,0-1,1,0.0,-39.0,4-9,13,0.308,-9.577,12.903
Loyola Chicago Ramblers,256.0,-7.86,16,5,0-0,0,,,,NONE,1-1,2,0.5,-9.5,-14.25,LOW,0-3,3,0.0,-10.333,-15.5,MEDIUM,4-7,11,0.364,-5.364,-8.045,HIGH,4.607,1-1,2,0.5,-14.25,4-10,14,0.286,-9.643,3.26
Mercyhurst Lakers,257.0,-7.895,14,4,0-1,1,0.0,-32.0,-48.0,LOW,0-2,2,0.0,-18.5,-27.75,LOW,0-1,1,0.0,-33.0,-49.5,LOW,4-6,10,0.4,2.3,3.45,HIGH,33.136,0-3,3,0.0,-34.5,4-7,11,0.364,-1.364,21.374
Stony Brook Seawolves,258.0,-7.926,15,7,0-0,0,,,,NONE,0-1,1,0.0,-7.0,-10.5,LOW,2-2,4,0.5,-5.0,-7.5,MEDIUM,5-5,10,0.5,-3.4,-5.1,HIGH,4.714,0-1,1,0.0,-10.5,7-7,14,0.5,-5.786,2.209
Princeton Tigers,259.0,-8.112,15,4,0-0,0,,,,NONE,0-2,2,0.0,-4.0,-6.0,LOW,0-2,2,0.0,-19.5,-29.25,LOW,4-7,11,0.364,-4.364,-6.545,HIGH,-4.038,0-2,2,0.0,-6.0,4-9,13,0.308,-10.038,10.834
Detroit Mercy Titans,260.0,-8.225,12,4,0-0,0,,,,NONE,0-2,2,0.0,-30.0,-45.0,LOW,0-1,1,0.0,-10.0,-15.0,LOW,4-5,9,0.444,-2.667,-4.0,HIGH,39.9,0-2,2,0.0,-45.0,4-6,10,0.4,-5.1,17.327
Army Black Knights,261.0,-8.284,14,5,0-1,1,0.0,-55.0,-82.5,LOW,0-0,0,,,,NONE,0-0,0,,,,NONE,5-8,13,0.385,-5.308,-7.962,HIGH,74.538,0-1,1,0.0,-82.5,5-8,13,0.385,-7.962,37.269
Texas A&M-Corpus Christi Islanders,262.0,-8.359,11,4,0-1,1,0.0,-16.0,-24.0,LOW,0-0,0,,,,NONE,0-1,1,0.0,-31.0,-46.5,LOW,4-5,9,0.444,-1.333,-2.0,HIGH,17.55,0-1,1,0.0,-24.0,4-6,10,0.4,-6.45,18.167
Ohio Bobcats,263.0,-8.359,14,7,0-3,3,0.0,-21.667,-32.5,MEDIUM,0-0,0,,,,NONE,1-0,1,1.0,1.0,1.5,LOW,6-4,10,0.6,1.5,2.25,HIGH,34.682,0-3,3,0.0,-32.5,7-4,11,0.636,2.182,16.207
Old Dominion Monarchs,264.0,-9.016,16,4,0-0,0,,,,NONE,0-2,2,0.0,-10.5,-15.75,LOW,0-1,1,0.0,-8.0,-12.0,LOW,4-9,13,0.308,-5.769,-8.654,HIGH,6.857,0-2,2,0.0,-15.75,4-10,14,0.286,-8.893,2.899
Houston Christian Huskies,265.0,-9.179,13,3,0-1,1,0.0,-28.0,-42.0,LOW,0-3,3,0.0,-15.333,-23.0,MEDIUM,0-1,1,0.0,-2.0,-3.0,LOW,3-5,8,0.375,-3.625,-5.438,HIGH,22.583,0-4,4,0.0,-27.75,3-6,9,0.333,-5.167,15.679
Towson Tigers,266.0,-9.184,15,6,0-2,2,0.0,-21.0,-31.5,LOW,0-1,1,0.0,-14.0,-21.0,LOW,0-2,2,0.0,-12.5,-18.75,LOW,6-4,10,0.6,2.4,3.6,HIGH,27.875,0-3,3,0.0,-28.0,6-6,12,0.5,-0.125,12.783
Green Bay Phoenix,267.0,-9.39,14,6,0-0,0,,,,NONE,0-2,2,0.0,-6.5,-9.75,LOW,1-1,2,0.5,-19.0,-28.5,LOW,5-5,10,0.5,-4.1,-6.15,HIGH,-0.125,0-2,2,0.0,-9.75,6-6,12,0.5,-9.875,9.798
Denver Pioneers,268.0,-9.478,15,5,0-2,2,0.0,-36.0,-54.0,LOW,0-1,1,0.0,-14.0,-21.0,LOW,1-0,1,1.0,7.0,10.5,LOW,4-7,11,0.364,-4.091,-6.136,HIGH,38.25,0-3,3,0.0,-43.0,5-7,12,0.417,-4.75,23.757
Portland Pilots,269.0,-9.5,16,6,0-2,2,0.0,-29.0,-43.5,LOW,0-1,1,0.0,-7.0,-10.5,LOW,1-4,5,0.2,-8.0,-12.0,HIGH,5-3,8,0.625,1.375,2.062,HIGH,29.154,0-3,3,0.0,-32.5,6-7,13,0.462,-3.346,16.798
Lafayette Leopards,270.0,-9.546,15,3,0-1,1,0.0,-22.0,-33.0,LOW,0-2,2,0.0,-25.5,-38.25,LOW,0-0,0,,,,NONE,3-9,12,0.25,-4.833,-7.25,HIGH,29.25,0-3,3,0.0,-36.5,3-9,12,0.25,-7.25,13.547
Norfolk State Spartans,271.0,-9.625,14,3,0-2,2,0.0,-22.5,-33.75,LOW,0-1,1,0.0,-30.0,-45.0,LOW,1-1,2,0.5,-5.0,-7.5,LOW,2-7,9,0.222,-4.0,-6.0,HIGH,31.227,0-3,3,0.0,-37.5,3-8,11,0.273,-6.273,16.799
North Dakota Fighting Hawks,272.0,-9.852,16,5,0-1,1,0.0,-23.0,-34.5,LOW,0-0,0,,,,NONE,1-1,2,0.5,-13.5,-20.25,LOW,4-9,13,0.308,-8.154,-12.231,HIGH,21.2,0-1,1,0.0,-34.5,5-10,15,0.333,-13.3,9.209
SE Louisiana Lions,273.0,-10.104,14,4,0-1,1,0.0,-13.0,-19.5,LOW,0-1,1,0.0,-10.0,-15.0,LOW,0-2,2,0.0,-18.5,-27.75,LOW,4-6,10,0.4,-2.4,-3.6,HIGH,9.625,0-2,2,0.0,-17.25,4-8,12,0.333,-7.625,8.721
West Georgia Wolves,274.0,-10.116,13,7,0-2,2,0.0,-31.0,-46.5,LOW,0-3,3,0.0,-14.333,-21.5,MEDIUM,2-0,2,1.0,6.0,9.0,LOW,5-1,6,0.833,1.333,2.0,HIGH,35.25,0-5,5,0.0,-31.5,7-1,8,0.875,3.75,21.779
Alabama A&M Bulldogs,275.0,-10.353,12,5,0-1,1,0.0,-47.0,-70.5,LOW,0-1,1,0.0,-36.0,-54.0,LOW,1-1,2,0.5,6.5,9.75,LOW,4-4,8,0.5,-2.375,-3.562,HIGH,61.35,0-2,2,0.0,-62.25,5-5,10,0.5,-0.9,33.521
Cal State Fullerton Titans,276.0,-10.44,15,5,0-2,2,0.0,-7.5,-11.25,LOW,1-0,1,1.0,17.0,25.5,LOW,0-2,2,0.0,-8.0,-12.0,LOW,4-6,10,0.4,-7.6,-11.4,HIGH,-12.5,1-2,3,0.333,1.0,4-8,12,0.333,-11.5,16.046
Middle Tennessee Blue Raiders,277.0,-10.758,12,6,0-3,3,0.0,-18.333,-27.5,MEDIUM,1-1,2,0.5,-4.5,-6.75,LOW,1-0,1,1.0,37.0,55.5,LOW,4-2,6,0.667,1.333,2.0,HIGH,28.843,1-4,5,0.2,-19.2,5-2,7,0.714,9.643,30.622
Louisiana Ragin' Cajuns,278.0,-10.804,17,4,0-0,0,,,,NONE,0-2,2,0.0,-31.5,-47.25,LOW,0-1,1,0.0,-21.0,-31.5,LOW,4-10,14,0.286,-5.071,-7.607,HIGH,38.05,0-2,2,0.0,-47.25,4-11,15,0.267,-9.2,16.298
New Orleans Privateers,279.0,-10.811,15,5,1-2,3,0.333,-24.333,-36.5,MEDIUM,0-0,0,,,,NONE,0-3,3,0.0,-14.667,-22.0,MEDIUM,4-5,9,0.444,-0.778,-1.167,HIGH,30.125,1-2,3,0.333,-36.5,4-8,12,0.333,-6.375,14.502
San Jos State Spartans,280.0,-10.817,14,4,0-1,1,0.0,-18.0,-27.0,LOW,0-1,1,0.0,-19.0,-28.5,LOW,0-3,3,0.0,-12.333,-18.5,MEDIUM,4-5,9,0.444,-3.111,-4.667,HIGH,19.625,0-2,2,0.0,-27.75,4-8,12,0.333,-8.125,9.463
IU Indianapolis Jaguars,281.0,-11.072,15,2,0-0,0,,,,NONE,0-2,2,0.0,-24.0,-36.0,LOW,1-0,1,1.0,7.0,10.5,LOW,1-11,12,0.083,-10.917,-16.375,HIGH,21.692,0-2,2,0.0,-36.0,2-11,13,0.154,-14.308,19.06
Bellarmine Knights,282.0,-11.362,13,4,0-1,1,0.0,-45.0,-67.5,LOW,0-2,2,0.0,-10.5,-15.75,LOW,0-1,1,0.0,-27.0,-40.5,LOW,4-5,9,0.444,-1.222,-1.833,HIGH,27.3,0-3,3,0.0,-33.0,4-6,10,0.4,-5.7,25.026
Lehigh Mountain Hawks,283.0,-11.484,14,3,0-2,2,0.0,-20.0,-30.0,LOW,0-0,0,,,,NONE,0-0,0,,,,NONE,3-9,12,0.25,-5.417,-8.125,HIGH,21.875,0-2,2,0.0,-30.0,3-9,12,0.25,-8.125,10.938
Rutgers Scarlet Knights,284.0,-11.514,16,8,0-5,5,0.0,-26.0,-39.0,HIGH,0-2,2,0.0,-6.0,-9.0,LOW,2-1,3,0.667,1.667,2.5,MEDIUM,6-0,6,1.0,12.833,19.25,HIGH,44.095,0-7,7,0.0,-30.429,8-1,9,0.889,13.667,21.252
Campbell Fighting Camels,285.0,-11.757,15,7,0-2,2,0.0,-18.0,-27.0,LOW,0-1,1,0.0,-28.0,-42.0,LOW,1-4,5,0.2,-16.6,-24.9,HIGH,6-1,7,0.857,6.429,9.643,HIGH,27.25,0-3,3,0.0,-32.0,7-5,12,0.583,-4.75,18.915
Rice Owls,286.0,-11.833,14,5,0-1,1,0.0,-25.0,-37.5,LOW,0-1,1,0.0,-5.0,-7.5,LOW,0-1,1,0.0,-4.0,-6.0,LOW,5-6,11,0.455,-7.818,-11.727,HIGH,11.25,0-2,2,0.0,-22.5,5-7,12,0.417,-11.25,12.771
Western Michigan Broncos,287.0,-11.914,13,5,0-1,1,0.0,-40.0,-60.0,LOW,1-1,2,0.5,-11.5,-17.25,LOW,0-0,0,,,,NONE,4-6,10,0.4,-2.2,-3.3,HIGH,28.2,1-2,3,0.333,-31.5,4-6,10,0.4,-3.3,24.122
UNC Asheville Bulldogs,288.0,-12.013,14,4,0-2,2,0.0,-15.0,-22.5,LOW,0-1,1,0.0,-3.0,-4.5,LOW,1-1,2,0.5,5.0,7.5,LOW,3-6,9,0.333,-6.111,-9.167,HIGH,10.364,0-3,3,0.0,-16.5,4-7,11,0.364,-6.136,10.739
UNC Greensboro Spartans,289.0,-12.129,14,4,0-1,1,0.0,-46.0,-69.0,LOW,0-0,0,,,,NONE,1-2,3,0.333,-9.333,-14.0,MEDIUM,3-7,10,0.3,-4.1,-6.15,HIGH,61.038,0-1,1,0.0,-69.0,4-9,13,0.308,-7.962,27.962
Northern Arizona Lumberjacks,290.0,-12.329,13,3,0-1,1,0.0,-35.0,-52.5,LOW,0-0,0,,,,NONE,0-1,1,0.0,-13.0,-19.5,LOW,3-8,11,0.273,-7.273,-10.909,HIGH,40.875,0-1,1,0.0,-52.5,3-9,12,0.25,-11.625,17.928
North Alabama Lions,291.0,-12.558,12,3,0-0,0,,,,NONE,0-1,1,0.0,-20.0,-30.0,LOW,1-1,2,0.5,-11.0,-16.5,LOW,2-7,9,0.222,-8.556,-12.833,HIGH,16.5,0-1,1,0.0,-30.0,3-8,11,0.273,-13.5,7.382
UMass Lowell River Hawks,292.0,-12.578,14,4,0-2,2,0.0,-45.5,-68.25,LOW,0-0,0,,,,NONE,0-1,1,0.0,-34.0,-51.0,LOW,4-7,11,0.364,-2.364,-3.545,HIGH,60.75,0-2,2,0.0,-68.25,4-8,12,0.333,-7.5,27.358
Binghamton Bearcats,293.0,-13.168,14,1,0-0,0,,,,NONE,0-1,1,0.0,-38.0,-57.0,LOW,0-3,3,0.0,-23.333,-35.0,MEDIUM,1-9,10,0.1,-8.2,-12.3,HIGH,39.462,0-1,1,0.0,-57.0,1-12,13,0.077,-17.538,18.249
Mount St. Mary's Mountaineers,294.0,-13.188,15,4,0-1,1,0.0,-16.0,-24.0,LOW,0-2,2,0.0,-35.0,-52.5,LOW,1-0,1,1.0,7.0,10.5,LOW,3-8,11,0.273,-5.727,-8.591,HIGH,36.0,0-3,3,0.0,-43.0,4-8,12,0.333,-7.0,23.051
Northwestern State Demons,295.0,-13.248,13,2,0-1,1,0.0,-30.0,-45.0,LOW,0-1,1,0.0,-38.0,-57.0,LOW,0-2,2,0.0,-23.5,-35.25,LOW,2-7,9,0.222,-4.556,-6.833,HIGH,39.0,0-2,2,0.0,-51.0,2-9,11,0.182,-12.0,18.529
Long Beach State Beach,296.0,-13.337,14,3,0-1,1,0.0,-31.0,-46.5,LOW,0-1,1,0.0,-6.0,-9.0,LOW,0-3,3,0.0,-18.333,-27.5,MEDIUM,3-6,9,0.333,-4.0,-6.0,HIGH,16.375,0-2,2,0.0,-27.75,3-9,12,0.25,-11.375,16.242
Tennessee Tech Golden Eagles,297.0,-13.609,13,3,0-1,1,0.0,-42.0,-63.0,LOW,0-1,1,0.0,-50.0,-75.0,LOW,1-1,2,0.5,-4.0,-6.0,LOW,2-7,9,0.222,-4.0,-6.0,HIGH,63.0,0-2,2,0.0,-69.0,3-8,11,0.273,-6.0,31.784
Eastern Washington Eagles,298.0,-13.621,14,1,0-1,1,0.0,-28.0,-42.0,LOW,0-2,2,0.0,-5.5,-8.25,LOW,0-3,3,0.0,-15.667,-23.5,MEDIUM,1-7,8,0.125,-6.75,-10.125,HIGH,5.727,0-3,3,0.0,-19.5,1-10,11,0.091,-13.773,13.491
Central Michigan Chippewas,299.0,-13.712,14,2,0-1,1,0.0,-42.0,-63.0,LOW,0-0,0,,,,NONE,1-1,2,0.5,-5.5,-8.25,LOW,1-10,11,0.091,-10.455,-15.682,HIGH,48.462,0-1,1,0.0,-63.0,2-11,13,0.154,-14.538,24.248
Maine Black Bears,300.0,-13.796,16,1,0-0,0,,,,NONE,0-0,0,,,,NONE,0-1,1,0.0,-5.0,-7.5,LOW,1-14,15,0.067,-11.867,-17.8,HIGH,,0-0,0,,,1-15,16,0.062,-17.156,5.15
Oakland Golden Grizzlies,301.0,-13.8,15,7,0-4,4,0.0,-22.5,-33.75,MEDIUM,0-2,2,0.0,-10.5,-15.75,LOW,0-1,1,0.0,-6.0,-9.0,LOW,7-1,8,0.875,6.0,9.0,HIGH,34.75,0-6,6,0.0,-27.75,7-2,9,0.778,7.0,15.302
Little Rock Trojans,302.0,-14.047,14,4,0-1,1,0.0,-32.0,-48.0,LOW,1-0,1,1.0,3.0,4.5,LOW,0-1,1,0.0,-5.0,-7.5,LOW,3-8,11,0.273,-11.182,-16.773,HIGH,5.75,1-1,2,0.5,-21.75,3-9,12,0.25,-16.0,19.452
Eastern Kentucky Colonels,303.0,-14.103,14,3,0-1,1,0.0,-30.0,-45.0,LOW,0-0,0,,,,NONE,0-1,1,0.0,-12.0,-18.0,LOW,3-9,12,0.25,-7.167,-10.75,HIGH,33.692,0-1,1,0.0,-45.0,3-10,13,0.231,-11.308,14.737
Manhattan Jaspers,304.0,-14.317,15,6,0-1,1,0.0,-41.0,-61.5,LOW,0-0,0,,,,NONE,0-1,1,0.0,-31.0,-46.5,LOW,6-7,13,0.462,-5.0,-7.5,HIGH,51.214,0-1,1,0.0,-61.5,6-8,14,0.429,-10.286,22.76
Pepperdine Waves,305.0,-14.635,16,3,0-2,2,0.0,-33.5,-50.25,LOW,0-2,2,0.0,-15.0,-22.5,LOW,0-3,3,0.0,-11.667,-17.5,MEDIUM,3-6,9,0.333,-1.778,-2.667,HIGH,30.0,0-4,4,0.0,-36.375,3-9,12,0.25,-6.375,17.221
Ball State Cardinals,306.0,-14.692,13,2,0-0,0,,,,NONE,0-0,0,,,,NONE,0-2,2,0.0,-26.5,-39.75,LOW,2-9,11,0.182,-6.364,-9.545,HIGH,,0-0,0,,,2-11,13,0.154,-14.192,15.102
Stonehill Skyhawks,307.0,-14.812,14,2,0-1,1,0.0,-39.0,-58.5,LOW,0-1,1,0.0,-29.0,-43.5,LOW,0-1,1,0.0,-7.0,-10.5,LOW,2-9,11,0.182,-7.636,-11.455,HIGH,39.625,0-2,2,0.0,-51.0,2-10,12,0.167,-11.375,20.705
Georgia State Panthers,308.0,-15.186,15,3,0-0,0,,,,NONE,0-3,3,0.0,-18.667,-28.0,MEDIUM,1-5,6,0.167,-10.333,-15.5,HIGH,2-4,6,0.333,-7.333,-11.0,HIGH,14.75,0-3,3,0.0,-28.0,3-9,12,0.25,-13.25,7.192
Cleveland State Vikings,309.0,-15.289,13,2,0-1,1,0.0,-27.0,-40.5,LOW,0-1,1,0.0,-47.0,-70.5,LOW,0-0,0,,,,NONE,2-9,11,0.182,-8.273,-12.409,HIGH,43.091,0-2,2,0.0,-55.5,2-9,11,0.182,-12.409,23.72
La Salle Explorers,310.0,-15.54,15,4,0-2,2,0.0,-32.0,-48.0,LOW,0-2,2,0.0,-21.0,-31.5,LOW,0-1,1,0.0,-14.0,-21.0,LOW,4-6,10,0.4,0.3,0.45,HIGH,38.25,0-4,4,0.0,-39.75,4-7,11,0.364,-1.5,17.571
Holy Cross Crusaders,311.0,-15.588,14,4,0-1,1,0.0,-45.0,-67.5,LOW,0-0,0,,,,NONE,1-3,4,0.25,-10.25,-15.375,MEDIUM,3-6,9,0.333,-6.667,-10.0,HIGH,55.846,0-1,1,0.0,-67.5,4-9,13,0.308,-11.654,25.932
UL Monroe Warhawks,312.0,-16.155,15,1,0-1,1,0.0,-25.0,-37.5,LOW,0-0,0,,,,NONE,0-2,2,0.0,-15.0,-22.5,LOW,1-11,12,0.083,-11.5,-17.25,HIGH,19.5,0-1,1,0.0,-37.5,1-13,14,0.071,-18.0,8.581
Jacksonville Dolphins,313.0,-16.234,14,3,0-3,3,0.0,-25.0,-37.5,MEDIUM,0-0,0,,,,NONE,0-2,2,0.0,-19.5,-29.25,LOW,3-6,9,0.333,-10.0,-15.0,HIGH,19.909,0-3,3,0.0,-37.5,3-8,11,0.273,-17.591,9.294
East Carolina Pirates,314.0,-16.767,14,4,0-1,1,0.0,-48.0,-72.0,LOW,1-2,3,0.333,-12.667,-19.0,MEDIUM,0-1,1,0.0,-13.0,-19.5,LOW,3-6,9,0.333,-4.222,-6.333,HIGH,24.6,1-3,4,0.25,-32.25,3-7,10,0.3,-7.65,25.263
Southern Jaguars,315.0,-16.812,12,2,0-2,2,0.0,-33.5,-50.25,LOW,0-3,3,0.0,-25.333,-38.0,MEDIUM,0-0,0,,,,NONE,2-5,7,0.286,-4.857,-7.286,HIGH,35.614,0-5,5,0.0,-42.9,2-5,7,0.286,-7.286,18.072
Stetson Hatters,316.0,-17.081,14,4,0-2,2,0.0,-47.0,-70.5,LOW,0-1,1,0.0,-31.0,-46.5,LOW,0-0,0,,,,NONE,4-7,11,0.364,-7.909,-11.864,HIGH,50.636,0-3,3,0.0,-62.5,4-7,11,0.364,-11.864,24.069
Alabama State Hornets,317.0,-17.38,14,3,0-1,1,0.0,-8.0,-12.0,LOW,0-3,3,0.0,-26.667,-40.0,MEDIUM,0-2,2,0.0,-37.5,-56.25,LOW,3-5,8,0.375,-0.75,-1.125,HIGH,20.85,0-4,4,0.0,-33.0,3-7,10,0.3,-12.15,21.901
UTEP Miners,318.0,-17.875,12,2,0-1,1,0.0,-24.0,-36.0,LOW,0-0,0,,,,NONE,0-1,1,0.0,-12.0,-18.0,LOW,2-8,10,0.2,-7.6,-11.4,HIGH,24.0,0-1,1,0.0,-36.0,2-9,11,0.182,-12.0,10.396
Fairleigh Dickinson Knights,319.0,-17.985,13,2,0-1,1,0.0,-38.0,-57.0,LOW,0-2,2,0.0,-26.0,-39.0,LOW,0-2,2,0.0,-20.5,-30.75,LOW,2-6,8,0.25,-5.625,-8.438,HIGH,32.1,0-3,3,0.0,-45.0,2-8,10,0.2,-12.9,17.449
Niagara Purple Eagles,320.0,-18.033,13,3,0-1,1,0.0,-58.0,-87.0,LOW,0-0,0,,,,NONE,0-0,0,,,,NONE,3-9,12,0.25,-9.75,-14.625,HIGH,72.375,0-1,1,0.0,-87.0,3-9,12,0.25,-14.625,36.188
Northern Illinois Huskies,321.0,-18.208,13,3,0-0,0,,,,NONE,0-1,1,0.0,-13.0,-19.5,LOW,0-1,1,0.0,-25.0,-37.5,LOW,3-8,11,0.273,-10.091,-15.136,HIGH,2.5,0-1,1,0.0,-19.5,3-9,12,0.25,-17.0,9.679
East Texas A&M Lions,322.0,-18.473,14,4,0-2,2,0.0,-32.5,-48.75,LOW,0-1,1,0.0,-36.0,-54.0,LOW,0-0,0,,,,NONE,4-7,11,0.364,-8.273,-12.409,HIGH,38.091,0-3,3,0.0,-50.5,4-7,11,0.364,-12.409,18.493
Sacramento State Hornets,323.0,-18.482,11,1,0-0,0,,,,NONE,0-2,2,0.0,-26.5,-39.75,LOW,0-2,2,0.0,-13.5,-20.25,LOW,1-6,7,0.143,-9.0,-13.5,HIGH,24.75,0-2,2,0.0,-39.75,1-8,9,0.111,-15.0,11.13
Morehead State Eagles,324.0,-18.547,13,4,0-1,1,0.0,-39.0,-58.5,LOW,1-1,2,0.5,-13.0,-19.5,LOW,0-1,1,0.0,-16.0,-24.0,LOW,3-6,9,0.333,-6.667,-10.0,HIGH,21.1,1-2,3,0.333,-32.5,3-7,10,0.3,-11.4,18.32
Oral Roberts Golden Eagles,325.0,-18.914,14,2,0-4,4,0.0,-22.5,-33.75,MEDIUM,1-0,1,1.0,8.0,12.0,LOW,0-1,1,0.0,-26.0,-39.0,LOW,1-7,8,0.125,-5.875,-8.812,HIGH,12.433,1-4,5,0.2,-24.6,1-8,9,0.111,-12.167,20.445
Bucknell Bison,326.0,-19.069,16,4,0-2,2,0.0,-30.0,-45.0,LOW,0-1,1,0.0,-48.0,-72.0,LOW,0-1,1,0.0,-34.0,-51.0,LOW,4-8,12,0.333,-5.25,-7.875,HIGH,42.808,0-3,3,0.0,-54.0,4-9,13,0.308,-11.192,23.125
Canisius Golden Griffins,327.0,-19.244,14,6,0-1,1,0.0,-43.0,-64.5,LOW,0-0,0,,,,NONE,0-0,0,,,,NONE,6-7,13,0.462,-9.385,-14.077,HIGH,50.423,0-1,1,0.0,-64.5,6-7,13,0.462,-14.077,25.212
Prairie View A&M Panthers,328.0,-19.397,11,2,0-4,4,0.0,-22.0,-33.0,MEDIUM,0-0,0,,,,NONE,0-2,2,0.0,-3.5,-5.25,LOW,2-3,5,0.4,-9.8,-14.7,HIGH,21.0,0-4,4,0.0,-33.0,2-5,7,0.286,-12.0,11.519
UC Riverside Highlanders,329.0,-19.443,14,4,0-1,1,0.0,-47.0,-70.5,LOW,0-1,1,0.0,-32.0,-48.0,LOW,1-0,1,1.0,9.0,13.5,LOW,3-8,11,0.273,-8.727,-13.091,HIGH,48.375,0-2,2,0.0,-59.25,4-8,12,0.333,-10.875,32.177
Evansville Purple Aces,330.0,-20.665,15,2,0-2,2,0.0,-18.0,-27.0,LOW,0-2,2,0.0,-19.0,-28.5,LOW,0-1,1,0.0,-19.0,-28.5,LOW,2-8,10,0.2,-8.1,-12.15,HIGH,14.114,0-4,4,0.0,-27.75,2-9,11,0.182,-13.636,6.891
Eastern Illinois Panthers,331.0,-21.494,13,3,0-2,2,0.0,-36.0,-54.0,LOW,1-2,3,0.333,-20.667,-31.0,MEDIUM,0-0,0,,,,NONE,2-6,8,0.25,-4.5,-6.75,HIGH,33.45,1-4,5,0.2,-40.2,2-6,8,0.25,-6.75,19.292
Maryland Eastern Shore Hawks,332.0,-21.962,16,3,0-3,3,0.0,-36.0,-54.0,MEDIUM,0-3,3,0.0,-18.667,-28.0,MEDIUM,0-2,2,0.0,-4.5,-6.75,LOW,3-5,8,0.375,-7.125,-10.688,HIGH,31.1,0-6,6,0.0,-41.0,3-7,10,0.3,-9.9,18.627
NJIT Highlanders,333.0,-21.975,16,6,0-2,2,0.0,-37.0,-55.5,LOW,0-2,2,0.0,-38.0,-57.0,LOW,0-1,1,0.0,-18.0,-27.0,LOW,6-5,11,0.545,-5.545,-8.318,HIGH,46.375,0-4,4,0.0,-56.25,6-6,12,0.5,-9.875,20.402
Western Illinois Leathernecks,334.0,-22.101,13,1,0-1,1,0.0,-19.0,-28.5,LOW,0-1,1,0.0,-5.0,-7.5,LOW,0-1,1,0.0,-22.0,-33.0,LOW,1-9,10,0.1,-15.4,-23.1,HIGH,-6.0,0-2,2,0.0,-18.0,1-10,11,0.091,-24.0,9.624
Delaware State Hornets,335.0,-22.639,12,2,0-1,1,0.0,-56.0,-84.0,LOW,0-2,2,0.0,-29.0,-43.5,LOW,0-0,0,,,,NONE,2-7,9,0.222,-7.778,-11.667,HIGH,45.333,0-3,3,0.0,-57.0,2-7,9,0.222,-11.667,29.601
UAlbany Great Danes,336.0,-22.72,13,1,0-0,0,,,,NONE,0-2,2,0.0,-20.0,-30.0,LOW,0-1,1,0.0,-26.0,-39.0,LOW,1-9,10,0.1,-13.1,-19.65,HIGH,8.591,0-2,2,0.0,-30.0,1-10,11,0.091,-21.409,7.906
Morgan State Bears,337.0,-22.828,13,1,0-0,0,,,,NONE,0-0,0,,,,NONE,0-3,3,0.0,-17.667,-26.5,MEDIUM,1-9,10,0.1,-18.3,-27.45,HIGH,,0-0,0,,,1-12,13,0.077,-27.231,0.475
Bryant Bulldogs,338.0,-23.309,14,3,0-2,2,0.0,-34.5,-51.75,LOW,0-2,2,0.0,-23.0,-34.5,LOW,0-2,2,0.0,-12.5,-18.75,LOW,3-5,8,0.375,-4.375,-6.562,HIGH,34.125,0-4,4,0.0,-43.125,3-7,10,0.3,-9.0,16.966
New Haven Chargers,339.0,-23.421,13,3,0-3,3,0.0,-30.0,-45.0,MEDIUM,0-0,0,,,,NONE,0-3,3,0.0,-19.667,-29.5,MEDIUM,3-4,7,0.429,-4.857,-7.286,HIGH,31.05,0-3,3,0.0,-45.0,3-7,10,0.3,-13.95,15.478
New Hampshire Wildcats,340.0,-23.429,13,2,0-2,2,0.0,-22.5,-33.75,LOW,0-1,1,0.0,-50.0,-75.0,LOW,0-2,2,0.0,-22.0,-33.0,LOW,2-6,8,0.25,-6.125,-9.188,HIGH,33.55,0-3,3,0.0,-47.5,2-8,10,0.2,-13.95,23.675
Air Force Falcons,341.0,-23.711,15,3,0-3,3,0.0,-21.667,-32.5,MEDIUM,1-0,1,1.0,14.0,21.0,LOW,0-4,4,0.0,-21.0,-31.5,MEDIUM,2-5,7,0.286,-6.571,-9.857,HIGH,1.398,1-3,4,0.25,-19.125,2-9,11,0.182,-17.727,21.727
Western Carolina Catamounts,342.0,-23.809,12,3,0-3,3,0.0,-30.333,-45.5,MEDIUM,0-2,2,0.0,-26.5,-39.75,LOW,0-2,2,0.0,-8.0,-12.0,LOW,3-2,5,0.6,-1.0,-1.5,HIGH,38.7,0-5,5,0.0,-43.2,3-4,7,0.429,-4.5,18.43
Southern Utah Thunderbirds,343.0,-24.093,13,1,0-1,1,0.0,-72.0,-108.0,LOW,0-2,2,0.0,-26.5,-39.75,LOW,0-1,1,0.0,-24.0,-36.0,LOW,1-8,9,0.111,-10.222,-15.333,HIGH,45.1,0-3,3,0.0,-62.5,1-9,10,0.1,-17.4,34.881
Rider Broncs,344.0,-24.138,12,0,0-2,2,0.0,-40.0,-60.0,LOW,0-1,1,0.0,-34.0,-51.0,LOW,0-0,0,,,,NONE,0-9,9,0.0,-11.222,-16.833,HIGH,40.167,0-3,3,0.0,-57.0,0-9,9,0.0,-16.833,18.594
VMI Keydets,345.0,-24.376,13,3,0-3,3,0.0,-32.0,-48.0,MEDIUM,0-0,0,,,,NONE,0-1,1,0.0,-20.0,-30.0,LOW,3-6,9,0.333,-6.111,-9.167,HIGH,36.75,0-3,3,0.0,-48.0,3-7,10,0.3,-11.25,15.868
Kansas City Roos,346.0,-24.545,14,1,0-3,3,0.0,-23.333,-35.0,MEDIUM,0-1,1,0.0,-16.0,-24.0,LOW,0-3,3,0.0,-13.0,-19.5,MEDIUM,1-6,7,0.143,-14.143,-21.214,HIGH,11.55,0-4,4,0.0,-32.25,1-9,10,0.1,-20.7,6.032
UTSA Roadrunners,347.0,-25.103,13,2,0-0,0,,,,NONE,1-3,4,0.25,-11.75,-17.625,MEDIUM,0-3,3,0.0,-36.333,-54.5,MEDIUM,1-5,6,0.167,-10.0,-15.0,HIGH,-10.542,1-3,4,0.25,-17.625,1-8,9,0.111,-28.167,18.034
Bethune-Cookman Wildcats,348.0,-25.247,13,3,0-6,6,0.0,-37.833,-56.75,HIGH,0-0,0,,,,NONE,0-1,1,0.0,-5.0,-7.5,LOW,3-3,6,0.5,1.167,1.75,HIGH,57.179,0-6,6,0.0,-56.75,3-4,7,0.429,0.429,25.676
Arkansas-Pine Bluff Golden Lions,349.0,-25.916,13,3,0-2,2,0.0,-27.5,-41.25,LOW,0-1,1,0.0,-44.0,-66.0,LOW,0-0,0,,,,NONE,3-7,10,0.3,-14.5,-21.75,HIGH,27.75,0-3,3,0.0,-49.5,3-7,10,0.3,-21.75,18.107
The Citadel Bulldogs,350.0,-26.131,13,0,0-0,0,,,,NONE,0-1,1,0.0,-16.0,-24.0,LOW,0-4,4,0.0,-21.75,-32.625,MEDIUM,0-8,8,0.0,-15.375,-23.062,HIGH,-2.25,0-1,1,0.0,-24.0,0-12,12,0.0,-26.25,4.304
Saint Francis Red Flash,351.0,-26.872,14,2,0-3,3,0.0,-38.0,-57.0,MEDIUM,0-1,1,0.0,-28.0,-42.0,LOW,0-2,2,0.0,-25.5,-38.25,LOW,2-6,8,0.25,-13.75,-20.625,HIGH,29.1,0-4,4,0.0,-53.25,2-8,10,0.2,-24.15,12.945
Florida A&M Rattlers,352.0,-30.297,10,1,0-3,3,0.0,-30.333,-45.5,MEDIUM,0-2,2,0.0,-22.0,-33.0,LOW,0-0,0,,,,NONE,1-4,5,0.2,-11.8,-17.7,HIGH,22.8,0-5,5,0.0,-40.5,1-4,5,0.2,-17.7,11.368
North Florida Ospreys,353.0,-30.365,14,0,0-3,3,0.0,-40.667,-61.0,MEDIUM,0-1,1,0.0,-9.0,-13.5,LOW,0-1,1,0.0,-40.0,-60.0,LOW,0-9,9,0.0,-12.556,-18.833,HIGH,26.175,0-4,4,0.0,-49.125,0-10,10,0.0,-22.95,22.25
Chicago State Cougars,354.0,-30.733,15,1,0-4,4,0.0,-25.5,-38.25,MEDIUM,0-2,2,0.0,-22.0,-33.0,LOW,0-0,0,,,,NONE,1-8,9,0.111,-15.111,-22.667,HIGH,13.833,0-6,6,0.0,-36.5,1-8,9,0.111,-22.667,6.474
North Carolina Central Eagles,355.0,-31.976,12,1,0-3,3,0.0,-37.0,-55.5,MEDIUM,0-1,1,0.0,-36.0,-54.0,LOW,0-4,4,0.0,-18.75,-28.125,MEDIUM,1-3,4,0.25,-6.0,-9.0,MEDIUM,36.562,0-4,4,0.0,-55.125,1-7,8,0.125,-18.562,19.323
South Carolina State Bulldogs,356.0,-32.353,15,1,0-3,3,0.0,-47.333,-71.0,MEDIUM,0-1,1,0.0,-25.0,-37.5,LOW,0-5,5,0.0,-17.6,-26.4,HIGH,1-5,6,0.167,-16.167,-24.25,HIGH,37.398,0-4,4,0.0,-62.625,1-10,11,0.091,-25.227,18.709
Texas Southern Tigers,357.0,-33.746,11,0,0-4,4,0.0,-40.0,-60.0,MEDIUM,0-1,1,0.0,-36.0,-54.0,LOW,0-2,2,0.0,-10.0,-15.0,LOW,0-4,4,0.0,-10.0,-15.0,MEDIUM,43.8,0-5,5,0.0,-58.8,0-6,6,0.0,-15.0,21.107
Coppin State Eagles,358.0,-33.82,17,2,0-1,1,0.0,-42.0,-63.0,LOW,0-0,0,,,,NONE,0-1,1,0.0,-30.0,-45.0,LOW,2-13,15,0.133,-23.8,-35.7,HIGH,26.719,0-1,1,0.0,-63.0,2-14,16,0.125,-36.281,11.332
Alcorn State Braves,359.0,-35.167,13,1,0-3,3,0.0,-36.333,-54.5,MEDIUM,0-2,2,0.0,-51.0,-76.5,LOW,0-3,3,0.0,-31.0,-46.5,MEDIUM,1-4,5,0.2,-6.0,-9.0,HIGH,40.238,0-5,5,0.0,-63.3,1-7,8,0.125,-23.062,24.342
Jackson State Tigers,360.0,-39.137,14,2,0-5,5,0.0,-48.2,-72.3,HIGH,0-2,2,0.0,-27.5,-41.25,LOW,0-4,4,0.0,-22.0,-33.0,MEDIUM,2-1,3,0.667,-0.333,-0.5,MEDIUM,44.357,0-7,7,0.0,-63.429,2-5,7,0.286,-19.071,25.555
Mississippi Valley State Delta Devils,361.0,-39.448,15,0,0-3,3,0.0,-31.667,-47.5,MEDIUM,0-0,0,,,,NONE,0-2,2,0.0,-53.0,-79.5,LOW,0-10,10,0.0,-23.8,-35.7,HIGH,4.5,0-3,3,0.0,-47.5,0-12,12,0.0,-43.0,18.504
Gardner-Webb Runnin' Bulldogs,362.0,-40.021,15,0,0-2,2,0.0,-48.5,-72.75,LOW,0-3,3,0.0,-23.0,-34.5,MEDIUM,0-1,1,0.0,-11.0,-16.5,LOW,0-9,9,0.0,-23.667,-35.5,HIGH,16.2,0-5,5,0.0,-49.8,0-10,10,0.0,-33.6,20.464
