Team,Q1_Games,Q1_NetEff,Q2_Games,Q2_NetEff,Q3_Games,Q3_NetEff,Q4_Games,Q4_NetEff,AdjNetEff
Kentucky Christian Knights,0,0.0,0,0.0,0,0.0,0,0.0,0.0
Morehead State Eagles,0,0.0,0,0.0,0,0.0,5,34.27,34.27
Tennessee Tech Golden Eagles,0,0.0,0,0.0,0,0.0,7,11.09,11.09
Eastern Illinois Panthers,0,0.0,0,0.0,0,0.0,7,3.79,3.79
Towson Tigers,1,38.01,0,0.0,1,-14.58,5,2.37,5.04
William & Mary Tribe,0,0.0,0,0.0,1,17.65,5,30.6,28.44
Texas A&M-Corpus Christi Islanders,0,0.0,0,0.0,0,0.0,6,23.33,23.33
SMU Mustangs,0,0.0,2,35.25,3,23.36,5,29.77,28.94
Southern Utah Thunderbirds,0,0.0,0,0.0,0,0.0,5,25.0,25.0
Utah Tech Trailblazers,0,0.0,0,0.0,1,-17.65,5,24.96,17.86
Campbell Fighting Camels,0,0.0,0,0.0,1,66.68,6,31.24,36.3
Gonzaga Bulldogs,0,0.0,1,9.92,1,8.47,6,35.51,28.93
Syracuse Orange,0,0.0,1,-9.92,2,0.23,7,24.08,15.91
Kansas Jayhawks,0,0.0,1,-15.89,3,35.69,3,11.74,18.06
Georgia Southern Eagles,0,0.0,0,0.0,0,0.0,7,22.48,22.48
Coastal Carolina Chanticleers,0,0.0,1,6.58,1,-4.3,4,3.07,2.43
Omaha Mavericks,0,0.0,1,6.2,1,34.15,6,27.65,25.78
Texas Tech Red Raiders,0,0.0,3,36.95,2,33.24,3,16.86,28.49
Arkansas Razorbacks,0,0.0,3,12.37,2,24.58,4,47.17,30.55
Delaware State Hornets,0,0.0,0,0.0,0,0.0,6,-3.0,-3.0
Temple Owls,0,0.0,0,0.0,1,22.25,8,22.93,22.85
Long Island University Sharks,0,0.0,1,21.74,1,41.39,3,8.05,17.45
Georgia Bulldogs,0,0.0,2,35.02,0,0.0,8,29.14,30.32
West Coast Baptist Eagles,0,0.0,0,0.0,0,0.0,0,0.0,0.0
Utah Valley Wolverines,0,0.0,0,0.0,2,20.68,6,28.85,26.8
Campbellsville Tigers,0,0.0,0,0.0,0,0.0,0,0.0,0.0
Western Kentucky Hilltoppers,1,12.79,0,0.0,1,24.15,6,15.76,16.44
Wyoming Cowboys,0,0.0,1,45.67,2,26.47,7,18.96,23.13
South Dakota State Jackrabbits,0,0.0,1,25.64,2,19.22,4,34.32,28.77
IU Indianapolis Jaguars,0,0.0,0,0.0,2,4.92,5,6.57,6.1
Northern Kentucky Norse,0,0.0,0,0.0,3,11.33,8,25.92,21.94
New Hampshire Wildcats,0,0.0,0,0.0,2,7.15,4,2.73,4.2
Harvard Crimson,0,0.0,0,0.0,1,-0.24,5,11.38,9.44
Bluefield State Big Blues,0,0.0,0,0.0,0,0.0,0,0.0,0.0
North Carolina Central Eagles,0,0.0,0,0.0,0,0.0,7,11.19,11.19
Oregon State Beavers,0,0.0,0,0.0,6,7.68,4,6.14,7.06
Oregon Ducks,0,0.0,0,0.0,4,15.31,4,17.37,16.34
Central Connecticut Blue Devils,0,0.0,0,0.0,0,0.0,6,33.42,33.42
Quinnipiac Bobcats,1,-23.0,0,0.0,1,1.32,6,9.91,4.72
Fairfield Stags,0,0.0,0,0.0,1,0.25,6,11.11,9.56
NJIT Highlanders,0,0.0,0,0.0,0,0.0,6,1.24,1.24
Yale Bulldogs,0,0.0,0,0.0,0,0.0,5,28.67,28.67
Brown Bears,1,-34.33,0,0.0,1,6.84,6,11.56,5.24
High Point Panthers,0,0.0,0,0.0,0,0.0,12,41.06,41.06
UIC Flames,0,0.0,1,-5.87,0,0.0,6,10.84,8.45
Belmont Abbey Crusaders,0,0.0,0,0.0,0,0.0,0,0.0,0.0
Elon Phoenix,0,0.0,1,9.33,2,9.51,6,32.87,25.06
McNeese Cowboys,0,0.0,0,0.0,1,3.23,6,49.02,42.48
Santa Clara Broncos,0,0.0,1,6.62,2,20.38,5,13.99,14.67
Tarleton State Texans,0,0.0,1,5.58,0,0.0,9,8.44,8.16
Portland Pilots,0,0.0,4,6.89,3,20.13,4,19.36,15.04
Stanford Cardinal,0,0.0,1,28.27,4,5.36,6,11.98,11.05
George Mason Patriots,1,36.95,1,30.12,1,3.48,8,22.89,23.06
La Salle Explorers,0,0.0,2,-1.77,0,0.0,4,9.89,6.0
Justice College Lions,0,0.0,0,0.0,0,0.0,0,0.0,0.0
Northern Arizona Lumberjacks,0,0.0,0,0.0,1,3.17,7,24.69,22.0
Kent State Golden Flashes,1,52.19,1,33.86,2,19.36,6,30.38,30.71
Massachusetts Minutemen,0,0.0,2,2.8,2,1.17,5,12.9,8.05
Colorado State Rams,0,0.0,2,44.68,5,27.14,2,37.0,33.23
South Florida Bulls,1,8.03,0,0.0,1,12.42,5,31.08,25.12
Ball State Cardinals,1,14.03,0,0.0,0,0.0,6,11.01,11.44
Indiana State Sycamores,0,0.0,1,14.68,0,0.0,6,11.0,11.53
VMI Keydets,0,0.0,0,0.0,1,-22.48,6,24.63,17.9
Southern Indiana Screaming Eagles,0,0.0,0,0.0,0,0.0,4,-9.32,-9.32
Queens University Royals,0,0.0,1,35.87,1,51.23,4,35.76,38.36
Winthrop Eagles,0,0.0,0,0.0,2,18.14,6,32.3,28.76
Florida Gators,1,12.16,0,0.0,2,32.81,4,19.56,22.29
New Mexico Highlands Cowboys,0,0.0,0,0.0,0,0.0,0,0.0,0.0
New Mexico State Aggies,0,0.0,0,0.0,3,22.64,4,15.24,18.41
Montana State Bobcats,0,0.0,3,21.67,0,0.0,3,38.0,29.84
Eastern Washington Eagles,0,0.0,0,0.0,1,-15.18,3,19.86,11.1
Northwestern Wildcats,1,10.05,1,17.13,2,25.12,5,30.31,25.44
Wisconsin Badgers,1,-0.37,2,18.76,0,0.0,7,29.63,24.46
Jackson State Tigers,0,0.0,1,-8.96,0,0.0,1,30.85,10.94
Louisiana Tech Bulldogs,1,-13.06,0,0.0,0,0.0,8,20.29,16.59
Misericordia Cougars,0,0.0,0,0.0,0,0.0,0,0.0,0.0
Binghamton Bearcats,0,0.0,0,0.0,1,4.05,7,13.31,12.16
Southern Wesleyan Warriors,0,0.0,0,0.0,0,0.0,0,0.0,0.0
Kennesaw State Owls,0,0.0,0,0.0,1,6.57,6,34.4,30.42
Youngstown State Penguins,0,0.0,0,0.0,2,8.62,5,13.42,12.05
Greensboro College Pride,0,0.0,0,0.0,0,0.0,0,0.0,0.0
UT Martin Skyhawks,0,0.0,0,0.0,1,-1.97,6,4.54,3.61
St. Thomas-Minnesota Tommies,0,0.0,1,31.49,2,20.75,6,32.79,29.97
Southeast Missouri State Redhawks,0,0.0,1,-10.28,0,0.0,6,12.57,9.31
South Carolina Upstate Spartans,0,0.0,0,0.0,1,-14.44,7,25.75,20.73
Nebraska Cornhuskers,0,0.0,1,11.4,3,14.13,6,10.78,11.85
Western Michigan Broncos,1,1.36,0,0.0,0,0.0,6,10.72,9.39
Stanton Elks,0,0.0,0,0.0,0,0.0,0,0.0,0.0
UC San Diego Tritons,0,0.0,0,0.0,2,13.23,4,24.25,20.58
Central Arkansas Bears,0,0.0,0,0.0,1,2.24,7,28.9,25.56
Auburn Tigers,0,0.0,2,23.71,2,40.28,3,40.15,35.49
Wright State Raiders,1,-0.47,0,0.0,3,22.48,4,25.1,20.92
Butler Bulldogs,0,0.0,1,-16.19,3,21.64,6,28.37,21.89
Washington Adventist Shock,0,0.0,0,0.0,0,0.0,0,0.0,0.0
Norfolk State Spartans,0,0.0,0,0.0,1,3.92,4,40.02,32.8
Murray State Racers,0,0.0,1,22.79,1,20.52,6,30.2,28.06
Cal State Fullerton Titans,0,0.0,0,0.0,2,9.38,5,20.6,17.4
Hawai'i Rainbow Warriors,0,0.0,0,0.0,3,4.45,8,23.99,18.66
Coppin State Eagles,0,0.0,0,0.0,0,0.0,2,-1.12,-1.12
Maryland Terrapins,1,22.14,1,-7.33,0,0.0,6,0.38,2.13
DeSales Bulldogs,0,0.0,0,0.0,0,0.0,0,0.0,0.0
Davidson Wildcats,0,0.0,4,6.12,0,0.0,5,39.46,24.65
Vermont Catamounts,1,21.87,0,0.0,0,0.0,6,22.58,22.48
SIU Edwardsville Cougars,0,0.0,0,0.0,0,0.0,9,9.15,9.15
North Florida Ospreys,0,0.0,0,0.0,1,9.6,4,19.27,17.33
Bethel (TN) Wildcats,0,0.0,0,0.0,0,0.0,0,0.0,0.0
Loyola Maryland Greyhounds,0,0.0,0,0.0,0,0.0,6,14.94,14.94
American University Eagles,0,0.0,0,0.0,0,0.0,9,19.78,19.78
Lipscomb Bisons,0,0.0,0,0.0,0,0.0,7,27.27,27.27
Duke Blue Devils,0,0.0,0,0.0,1,1.18,6,32.18,27.76
Grambling Tigers,0,0.0,0,0.0,0,0.0,5,16.53,16.53
Southern Miss Golden Eagles,0,0.0,0,0.0,0,0.0,6,7.4,7.4
Detroit Mercy Titans,0,0.0,0,0.0,0,0.0,5,13.39,13.39
Virginia-Lynchburg Dragons,0,0.0,0,0.0,0,0.0,0,0.0,0.0
UNC Greensboro Spartans,0,0.0,1,26.62,1,41.49,5,19.71,23.81
SUNY-Canton Roos,0,0.0,0,0.0,0,0.0,0,0.0,0.0
Arizona Wildcats,0,0.0,2,36.47,1,29.35,6,36.54,35.72
Texas State Bobcats,0,0.0,0,0.0,0,0.0,9,11.75,11.75
Troy Trojans,0,0.0,0,0.0,1,-12.11,5,25.27,19.04
Duquesne Dukes,0,0.0,1,21.16,2,2.96,7,31.04,24.43
Cal State Bakersfield Roadrunners,0,0.0,0,0.0,2,-11.08,6,6.66,2.22
UC Davis Aggies,0,0.0,0,0.0,2,15.91,6,21.74,20.28
Seattle U Redhawks,0,0.0,1,14.37,3,0.38,6,23.33,15.55
UTSA Roadrunners,0,0.0,0,0.0,2,-12.98,4,0.52,-3.98
California Golden Bears,0,0.0,1,-7.61,5,11.49,7,22.63,16.02
Cornell Big Red,0,0.0,0,0.0,2,8.07,3,42.25,28.58
UAlbany Great Danes,1,20.01,0,0.0,0,0.0,2,49.24,39.5
Florida International Panthers,1,17.25,0,0.0,1,9.52,9,24.75,22.68
Vanderbilt Commodores,0,0.0,2,29.8,0,0.0,6,33.92,32.89
Dominican (IL) Dominican,0,0.0,0,0.0,0,0.0,0,0.0,0.0
Milwaukee Panthers,0,0.0,0,0.0,0,0.0,7,19.71,19.71
Arkansas-Pine Bluff Golden Lions,0,0.0,0,0.0,0,0.0,4,38.35,38.35
UC Irvine Anteaters,0,0.0,1,-20.75,1,7.62,6,22.32,15.1
Marist Red Foxes,0,0.0,0,0.0,0,0.0,8,3.51,3.51
Xavier Musketeers,0,0.0,1,-8.46,1,-13.89,8,9.93,5.71
Marshall Thundering Herd,0,0.0,1,33.23,1,15.43,7,16.42,18.18
Monmouth Hawks,0,0.0,0,0.0,1,13.33,6,3.26,4.7
Gardner-Webb Runnin' Bulldogs,0,0.0,0,0.0,3,-6.24,3,24.21,8.99
South Carolina State Bulldogs,0,0.0,0,0.0,0,0.0,4,-3.52,-3.52
North Carolina A&T Aggies,0,0.0,1,-15.22,1,5.64,5,22.98,15.05
Merrimack Warriors,0,0.0,0,0.0,0,0.0,5,15.04,15.04
Embry-Riddle (AZ) Eagles,0,0.0,0,0.0,0,0.0,0,0.0,0.0
South Dakota Coyotes,0,0.0,0,0.0,1,-13.07,8,20.93,17.16
Stonehill Skyhawks,0,0.0,0,0.0,0,0.0,5,8.59,8.59
DePaul Blue Demons,1,-28.14,2,-7.68,0,0.0,8,20.57,11.01
New Mexico Lobos,0,0.0,0,0.0,2,30.78,7,17.17,20.19
Dayton Flyers,1,-5.76,1,7.3,1,30.05,7,26.61,21.79
Baylor Bears,1,-22.71,0,0.0,1,13.99,7,47.73,36.15
Nicholls Colonels,0,0.0,0,0.0,1,29.42,4,19.2,21.25
Fairleigh Dickinson Knights,0,0.0,0,0.0,0,0.0,6,13.24,13.24
Boston College Eagles,1,-12.98,1,20.87,1,-22.38,6,8.03,3.74
Cleveland State Vikings,0,0.0,0,0.0,0,0.0,7,14.42,14.42
College Of Biblical Studies Ambassadors,0,0.0,0,0.0,0,0.0,0,0.0,0.0
UT Rio Grande Valley Vaqueros,0,0.0,0,0.0,1,17.98,7,6.04,7.53
Drexel Dragons,0,0.0,0,0.0,1,11.74,8,8.36,8.73
Charleston Cougars,0,0.0,1,-5.19,3,-0.12,4,21.18,9.9
Lafayette Leopards,1,5.04,0,0.0,2,7.66,5,-3.05,0.64
Wagner Seahawks,0,0.0,0,0.0,0,0.0,6,6.5,6.5
Fordham Rams,0,0.0,2,-1.23,0,0.0,9,10.91,8.71
Southwestern Christian Eagles,0,0.0,0,0.0,0,0.0,0,0.0,0.0
Rice Owls,0,0.0,0,0.0,1,0.58,7,14.81,13.03
Jacksonville State Gamecocks,0,0.0,0,0.0,1,11.49,8,15.29,14.87
Georgia State Panthers,0,0.0,0,0.0,0,0.0,5,9.36,9.36
East Texas A&M Lions,0,0.0,0,0.0,1,-25.65,4,19.69,10.62
SE Louisiana Lions,0,0.0,0,0.0,1,-13.91,4,4.03,0.44
Jarvis Christian Bulldogs,0,0.0,0,0.0,0,0.0,0,0.0,0.0
Abilene Christian Wildcats,0,0.0,1,18.53,1,2.34,5,20.06,17.31
Richmond Spiders,0,0.0,1,31.44,2,-2.33,7,23.83,19.36
Eureka Red Devils,0,0.0,0,0.0,0,0.0,0,0.0,0.0
Alcorn State Braves,0,0.0,0,0.0,0,0.0,0,0.0,0.0
Florida State Seminoles,2,11.45,0,0.0,1,21.09,6,24.71,21.36
Houston Christian Huskies,0,0.0,1,3.02,0,0.0,5,-2.83,-1.86
New Orleans Privateers,0,0.0,0,0.0,1,30.21,2,14.7,19.87
San Francisco State Gators,0,0.0,0,0.0,0,0.0,0,0.0,0.0
UC Santa Barbara Gauchos,0,0.0,0,0.0,1,36.71,7,27.66,28.79
Bethune-Cookman Wildcats,0,0.0,0,0.0,0,0.0,3,32.19,32.19
Miami Hurricanes,0,0.0,1,38.34,1,32.96,8,35.16,35.26
Maryland Eastern Shore Hawks,0,0.0,0,0.0,0,0.0,4,22.23,22.23
Georgetown Hoyas,0,0.0,0,0.0,2,15.04,7,23.82,21.87
Green Bay Phoenix,0,0.0,0,0.0,1,34.25,4,31.14,31.77
Mid-Atlantic Christian Mustangs,0,0.0,0,0.0,0,0.0,0,0.0,0.0
Pfeiffer Falcons,0,0.0,0,0.0,0,0.0,0,0.0,0.0
Mercyhurst Lakers,0,0.0,0,0.0,0,0.0,6,18.93,18.93
San Diego State Aztecs,0,0.0,1,6.65,2,22.54,5,24.5,21.78
Nevada Wolf Pack,0,0.0,2,17.6,4,3.96,3,20.32,12.44
Salve Regina Seahawks,0,0.0,0,0.0,0,0.0,0,0.0,0.0
New Haven Chargers,0,0.0,0,0.0,2,-38.84,4,26.28,4.57
Texas Southern Tigers,0,0.0,0,0.0,2,1.03,3,11.41,7.26
Minnesota Golden Gophers,1,8.08,1,15.22,1,15.32,6,18.84,16.85
Reinhardt Eagles,0,0.0,0,0.0,0,0.0,0,0.0,0.0
Idaho Vandals,0,0.0,0,0.0,1,2.49,5,35.93,30.36
Cal Poly Mustangs,0,0.0,1,-6.99,2,-2.11,3,17.61,6.94
Louisiana Ragin' Cajuns,0,0.0,0,0.0,1,-6.91,7,-2.71,-3.23
South Alabama Jaguars,0,0.0,0,0.0,0,0.0,4,15.95,15.95
East Tennessee State Buccaneers,0,0.0,0,0.0,2,12.2,8,25.1,22.52
UC Riverside Highlanders,0,0.0,0,0.0,1,-36.2,4,26.65,14.08
Ole Miss Rebels,2,3.32,0,0.0,0,0.0,6,19.73,15.63
Iowa Hawkeyes,0,0.0,1,17.59,0,0.0,9,44.0,41.36
Eastern Kentucky Colonels,1,-12.15,0,0.0,2,0.08,4,27.48,13.99
Rutgers Scarlet Knights,2,5.15,0,0.0,1,-21.54,7,10.51,6.23
Seton Hall Pirates,0,0.0,1,-21.88,1,17.97,7,6.26,4.43
Washington State Cougars,0,0.0,1,16.63,4,9.52,3,24.63,16.08
Chaminade Silverswords,1,-14.46,0,0.0,0,0.0,1,14.11,-0.18
Alabama A&M Bulldogs,0,0.0,0,0.0,1,-17.28,7,8.46,5.24
Indiana Hoosiers,0,0.0,0,0.0,4,33.74,6,28.74,30.74
Mayville St Comets,0,0.0,0,0.0,0,0.0,0,0.0,0.0
North Dakota Fighting Hawks,0,0.0,1,30.08,1,1.69,8,15.81,15.82
Buffalo Bulls,0,0.0,0,0.0,3,28.75,4,39.27,34.76
Tennessee Volunteers,1,30.16,1,34.84,2,18.94,5,33.43,30.0
Fresno State Bulldogs,1,-31.08,2,7.71,2,11.39,5,8.43,4.93
Pittsburgh Panthers,1,-1.04,1,8.9,2,10.52,6,21.53,15.81
Southern Illinois Salukis,0,0.0,1,1.25,0,0.0,5,26.4,22.21
Delaware Blue Hens,0,0.0,0,0.0,1,9.01,7,-6.74,-4.77
North Texas Mean Green,1,15.39,0,0.0,2,-7.12,7,26.54,18.69
Truett-McConnell Bears,0,0.0,0,0.0,0,0.0,0,0.0,0.0
Presbyterian Blue Hose,0,0.0,0,0.0,1,2.86,6,26.18,22.85
Piedmont Lions,0,0.0,0,0.0,0,0.0,0,0.0,0.0
Charleston Southern Buccaneers,0,0.0,0,0.0,0,0.0,7,31.92,31.92
UConn Huskies,2,12.21,0,0.0,2,31.47,5,19.58,20.58
Providence Friars,0,0.0,1,22.16,0,0.0,7,25.87,25.4
Purdue Boilermakers,2,8.95,1,37.76,3,27.47,3,35.93,27.32
Tennessee Wesleyan Bulldogs,0,0.0,0,0.0,0,0.0,0,0.0,0.0
Chattanooga Mocs,0,0.0,0,0.0,1,-10.85,6,19.35,15.03
Florida Atlantic Owls,0,0.0,0,0.0,2,10.75,5,30.96,25.19
Tulane Green Wave,1,-3.35,0,0.0,3,2.65,6,7.07,4.7
Texas A&M Aggies,1,-1.48,1,-6.22,1,29.66,7,43.43,32.6
Lindenwood Lions,0,0.0,0,0.0,0,0.0,3,19.26,19.26
Illinois State Redbirds,1,14.65,0,0.0,0,0.0,6,29.3,27.21
Oklahoma State Cowboys,0,0.0,2,16.79,3,24.8,6,16.02,18.56
Liberty Flames,0,0.0,0,0.0,2,23.91,6,44.63,39.45
NC State Wolfpack,2,7.63,1,14.83,3,25.87,4,28.64,22.23
UL Monroe Warhawks,0,0.0,0,0.0,0,0.0,8,1.53,1.53
Toledo Rockets,0,0.0,0,0.0,1,-8.29,6,23.42,18.89
San Francisco Dons,0,0.0,0,0.0,1,16.37,8,24.44,23.55
Colorado Buffaloes,0,0.0,1,2.86,5,25.61,4,28.82,24.62
Adams State Grizzlies,0,0.0,0,0.0,0,0.0,0,0.0,0.0
Colgate Raiders,0,0.0,0,0.0,0,0.0,5,14.84,14.84
San Jos√© State Spartans,0,0.0,0,0.0,2,-6.16,6,16.75,11.03
Utah State Aggies,1,69.57,0,0.0,2,14.33,3,43.23,37.98
North Carolina Tar Heels,0,0.0,0,0.0,3,25.39,7,25.17,25.23
San Diego Toreros,1,25.45,0,0.0,4,5.16,4,7.04,8.25
Long Beach State Beach,0,0.0,2,15.02,1,0.74,5,20.65,16.76
Texas A&M-San Antonio Jaguars,0,0.0,0,0.0,0,0.0,0,0.0,0.0
Lamar Cardinals,0,0.0,0,0.0,1,7.45,5,5.97,6.22
Portland State Vikings,0,0.0,0,0.0,1,-6.3,4,35.46,27.11
UNLV Rebels,0,0.0,0,0.0,1,20.43,7,15.36,15.99
UCF Knights,1,30.34,0,0.0,5,14.7,5,28.28,22.3
Iowa State Cyclones,1,3.86,0,0.0,1,34.64,7,40.67,35.91
St. John's Red Storm,0,0.0,1,21.4,2,-0.56,6,17.5,13.92
Denver Pioneers,0,0.0,1,79.23,1,11.12,5,33.96,37.16
Charlotte 49ers,1,-26.89,1,6.7,3,16.6,5,25.07,15.5
Spring Hill Badgers,0,0.0,0,0.0,0,0.0,0,0.0,0.0
UMass Lowell River Hawks,0,0.0,0,0.0,0,0.0,6,29.41,29.41
Saint Joseph's Hawks,0,0.0,1,23.33,1,-13.45,7,10.65,9.38
VCU Rams,1,-32.22,0,0.0,3,16.1,6,37.62,24.18
Boise State Broncos,0,0.0,2,33.81,3,-8.87,3,-1.6,4.53
George Washington Revolutionaries,0,0.0,0,0.0,1,26.49,7,17.15,18.32
Middle Tennessee Blue Raiders,0,0.0,1,-19.13,3,-3.71,4,32.1,12.27
Princeton Tigers,0,0.0,0,0.0,1,8.76,5,10.3,10.04
Akron Zips,0,0.0,0,0.0,0,0.0,8,33.67,33.67
RIT Tigers,0,0.0,0,0.0,0,0.0,0,0.0,0.0
Utah Utes,1,-6.37,0,0.0,2,6.54,6,28.88,20.0
Ohio State Buckeyes,1,17.02,0,0.0,1,4.89,7,37.44,31.56
LSU Tigers,0,0.0,1,-10.52,2,29.55,6,42.44,33.69
Drake Bulldogs,0,0.0,1,-18.47,2,15.62,6,26.87,19.33
Georgia Tech Yellow Jackets,0,0.0,0,0.0,2,-11.39,10,7.8,4.6
Hofstra Pride,0,0.0,0,0.0,0,0.0,4,25.7,25.7
Trinity (FL) Tigers,0,0.0,0,0.0,0,0.0,0,0.0,0.0
Jacksonville Dolphins,0,0.0,0,0.0,1,-19.2,3,50.13,32.8
East Carolina Pirates,1,-0.17,0,0.0,3,7.6,5,1.15,3.15
Missouri Tigers,0,0.0,0,0.0,2,29.97,8,34.28,33.42
Notre Dame Fighting Irish,0,0.0,2,24.59,1,24.12,5,19.69,21.47
Cleary University Cougars,0,0.0,0,0.0,0,0.0,0,0.0,0.0
Eastern Michigan Eagles,0,0.0,0,0.0,1,37.42,6,5.66,10.19
Kansas State Wildcats,2,-3.03,2,29.98,2,30.48,4,26.04,21.9
Arizona State Sun Devils,1,-5.89,1,4.56,0,0.0,5,9.74,6.77
UT Arlington Mavericks,0,0.0,0,0.0,1,5.01,5,7.44,7.03
Arkansas State Red Wolves,0,0.0,0,0.0,2,8.36,5,19.52,16.33
Samford Bulldogs,1,31.32,0,0.0,0,0.0,5,20.07,21.95
Trinity Christian (IL) Trolls,0,0.0,0,0.0,0,0.0,0,0.0,0.0
Miami (OH) RedHawks,1,-0.17,0,0.0,0,0.0,8,40.92,36.35
Saint John's (MN) Johnnies,0,0.0,0,0.0,0,0.0,0,0.0,0.0
Villanova Wildcats,0,0.0,2,17.61,1,31.36,6,29.47,27.04
Michigan State Spartans,4,11.91,1,18.34,3,17.34,2,19.75,15.75
Oklahoma Sooners,0,0.0,0,0.0,0,0.0,8,36.54,36.54
Mississippi State Bulldogs,0,0.0,2,2.68,0,0.0,6,13.76,10.99
UNC Asheville Bulldogs,2,8.14,1,-15.25,0,0.0,6,18.93,12.73
Central Michigan Chippewas,0,0.0,0,0.0,2,0.5,4,11.81,8.04
Northern Illinois Huskies,1,-9.72,0,0.0,1,-22.42,5,22.84,11.72
Evergreen State Geoducks,0,0.0,0,0.0,0,0.0,0,0.0,0.0
Southern Jaguars,0,0.0,0,0.0,0,0.0,5,34.03,34.03
California Baptist Lancers,0,0.0,0,0.0,0,0.0,6,8.96,8.96
Canisius Golden Griffins,1,-26.08,0,0.0,0,0.0,6,17.07,10.9
BYU Cougars,0,0.0,0,0.0,3,33.64,6,38.71,37.02
Bradley Braves,0,0.0,0,0.0,1,33.07,8,10.67,13.16
Florida Gulf Coast Eagles,0,0.0,0,0.0,3,13.12,6,17.28,15.89
North Dakota State Bison,0,0.0,0,0.0,0,0.0,8,19.58,19.58
Creighton Bluejays,0,0.0,0,0.0,2,13.74,6,22.22,20.1
MIT Engineers,0,0.0,0,0.0,0,0.0,0,0.0,0.0
Sacred Heart Pioneers,0,0.0,0,0.0,1,6.46,4,12.68,11.44
Rosemont Ravens,0,0.0,0,0.0,0,0.0,0,0.0,0.0
Navy Midshipmen,1,-13.85,0,0.0,1,27.48,6,20.9,17.38
UMBC Retrievers,1,16.18,0,0.0,0,0.0,6,4.62,6.27
Alabama State Hornets,0,0.0,0,0.0,0,0.0,1,44.42,44.42
Puget Sound Loggers,0,0.0,0,0.0,0,0.0,0,0.0,0.0
Bucknell Bison,1,-13.21,0,0.0,1,-4.17,3,-3.7,-5.69
Rider Broncs,0,0.0,0,0.0,0,0.0,5,-8.56,-8.56
Mercer Bears,0,0.0,0,0.0,0,0.0,7,25.98,25.98
Furman Paladins,0,0.0,0,0.0,4,13.93,5,24.26,19.67
Mount St. Mary's Mountaineers,0,0.0,0,0.0,0,0.0,5,1.62,1.62
Stetson Hatters,0,0.0,0,0.0,1,-7.86,5,27.91,21.95
South Carolina Gamecocks,1,8.7,0,0.0,3,15.01,7,26.04,21.45
Evansville Purple Aces,0,0.0,2,-4.71,1,-5.3,6,2.21,-0.16
Wofford Terriers,0,0.0,1,-20.46,1,41.62,5,19.21,16.74
Western Carolina Catamounts,0,0.0,0,0.0,1,-6.51,4,23.18,17.24
Colorado Christian Cougars,0,0.0,0,0.0,0,0.0,0,0.0,0.0
Northern Colorado Bears,0,0.0,1,10.17,1,36.14,4,39.2,33.85
Siena Saints,0,0.0,0,0.0,1,0.45,4,20.58,16.56
Idaho State Bengals,0,0.0,1,40.68,2,31.27,4,28.84,31.22
Iona Gaels,0,0.0,0,0.0,1,7.55,5,5.84,6.13
Tennessee Southern Firehawks,0,0.0,0,0.0,0,0.0,0,0.0,0.0
North Alabama Lions,0,0.0,1,28.13,1,3.81,4,5.27,8.84
Houston Cougars,0,0.0,1,0.63,1,17.29,6,17.17,15.12
Memphis Tigers,2,-13.04,0,0.0,1,1.17,5,3.26,-1.08
Northwestern Oklahoma State Rangers,0,0.0,0,0.0,0,0.0,0,0.0,0.0
Missouri State Bears,0,0.0,0,0.0,0,0.0,10,18.94,18.94
Belmont Bruins,0,0.0,1,3.96,0,0.0,7,19.6,17.64
Oral Roberts Golden Eagles,1,25.39,1,-30.87,1,-2.61,4,5.83,2.17
Kentucky Wildcats,0,0.0,4,16.8,0,0.0,6,35.29,27.89
Maine Black Bears,0,0.0,0,0.0,0,0.0,5,-14.33,-14.33
Pepperdine Waves,1,-27.44,2,-22.34,2,-19.27,5,24.64,1.25
Pacific Tigers,0,0.0,0,0.0,0,0.0,7,23.89,23.89
Sam Houston Bearkats,0,0.0,0,0.0,1,1.55,4,25.89,21.03
Kansas City Roos,0,0.0,0,0.0,3,-10.13,4,16.9,5.32
Tougaloo Bulldogs,0,0.0,0,0.0,0,0.0,0,0.0,0.0
Penn State Nittany Lions,2,-9.84,0,0.0,2,31.6,6,26.45,20.22
Northeastern Huskies,0,0.0,0,0.0,4,5.88,0,0.0,5.88
St. Bonaventure Bonnies,0,0.0,1,11.19,1,12.37,6,24.33,21.19
Ohio Bobcats,0,0.0,2,-0.71,1,25.09,6,24.63,19.05
Montana Grizzlies,1,4.79,1,13.23,2,10.05,6,18.27,14.77
Regent Royals,0,0.0,0,0.0,0,0.0,0,0.0,0.0
Central State (OH) Marauders,0,0.0,0,0.0,0,0.0,0,0.0,0.0
App State Mountaineers,0,0.0,1,-7.78,1,20.38,5,23.34,18.47
Gallaudet Bison,0,0.0,0,0.0,0,0.0,0,0.0,0.0
Army Black Knights,1,-35.96,1,4.25,1,17.17,6,7.75,3.55
Northwestern State Demons,0,0.0,0,0.0,1,-0.84,5,15.36,12.66
Texas Lutheran Bulldogs,0,0.0,0,0.0,0,0.0,0,0.0,0.0
Bellarmine Knights,0,0.0,0,0.0,2,12.6,5,27.89,23.52
Crown College Polars,0,0.0,0,0.0,0,0.0,0,0.0,0.0
Clemson Tigers,0,0.0,2,14.06,1,10.58,5,32.62,25.23
Manhattan Jaspers,0,0.0,0,0.0,1,-9.65,5,23.27,17.78
Illinois Fighting Illini,0,0.0,1,13.95,2,20.2,6,37.3,30.9
Oakland Golden Grizzlies,0,0.0,0,0.0,1,32.13,3,41.86,39.43
Averett Cougars,0,0.0,0,0.0,0,0.0,0,0.0,0.0
Longwood Lancers,0,0.0,1,22.26,0,0.0,7,18.59,19.05
Arkansas Baptist Buffaloes,0,0.0,0,0.0,0,0.0,0,0.0,0.0
Little Rock Trojans,0,0.0,0,0.0,0,0.0,5,16.12,16.12
Columbia College (SC) Fighting Koalas,0,0.0,0,0.0,0,0.0,0,0.0,0.0
Loyola Chicago Ramblers,1,15.32,0,0.0,2,-7.82,6,8.69,5.76
Purdue Fort Wayne Mastodons,0,0.0,0,0.0,2,-3.72,7,33.81,25.47
USC Trojans,0,0.0,0,0.0,2,2.95,5,25.18,18.83
Nobel Knights,0,0.0,0,0.0,0,0.0,0,0.0,0.0
Cal State Northridge Matadors,0,0.0,0,0.0,2,19.98,5,18.09,18.63
Prairie View A&M Panthers,0,0.0,0,0.0,0,0.0,4,31.44,31.44
Valparaiso Beacons,0,0.0,2,22.12,1,1.57,7,6.6,9.2
Holy Cross Crusaders,0,0.0,0,0.0,1,-8.84,6,2.5,0.88
Cincinnati Bearcats,0,0.0,0,0.0,2,-3.24,8,8.9,6.47
UAB Blazers,1,21.14,0,0.0,3,8.08,6,22.02,17.75
Elmira Soaring Eagles,0,0.0,0,0.0,0,0.0,0,0.0,0.0
Old Dominion Monarchs,0,0.0,0,0.0,1,-0.16,6,12.98,11.1
Auburn-Montgomery Senators,0,0.0,0,0.0,0,0.0,0,0.0,0.0
Mississippi Valley State Delta Devils,0,0.0,0,0.0,0,0.0,4,-10.73,-10.73
Boston University Terriers,0,0.0,0,0.0,0,0.0,6,29.03,29.03
UT Permian Basin Falcons,0,0.0,0,0.0,0,0.0,0,0.0,0.0
UTEP Miners,0,0.0,0,0.0,1,10.96,5,16.18,15.31
Grand Canyon Lopes,1,-7.49,0,0.0,0,0.0,7,17.72,14.57
Bowie State Bulldogs,0,0.0,0,0.0,0,0.0,0,0.0,0.0
Howard Bison,0,0.0,1,-13.51,0,0.0,5,29.03,21.94
Stephen F. Austin Lumberjacks,0,0.0,0,0.0,0,0.0,7,24.25,24.25
Niagara Purple Eagles,0,0.0,0,0.0,0,0.0,5,16.49,16.49
Alabama Crimson Tide,2,25.42,1,21.82,2,27.39,2,21.37,24.31
Saint Francis Red Flash,0,0.0,0,0.0,0,0.0,6,8.14,8.14
Virginia Tech Hokies,1,-4.7,2,14.59,3,16.27,4,29.01,18.93
St. John Fisher Cardinals,0,0.0,0,0.0,0,0.0,0,0.0,0.0
Western Illinois Leathernecks,0,0.0,0,0.0,0,0.0,7,2.18,2.18
Sacramento State Hornets,0,0.0,0,0.0,1,24.15,4,13.58,15.7
UCLA Bruins,0,0.0,0,0.0,1,28.3,8,24.19,24.65
Tennessee State Tigers,0,0.0,0,0.0,0,0.0,4,16.91,16.91
Virginia Cavaliers,0,0.0,0,0.0,3,39.53,6,32.98,35.16
Austin Peay Governors,0,0.0,0,0.0,1,1.57,5,28.51,24.02
Weber State Wildcats,0,0.0,0,0.0,1,8.51,8,28.82,26.56
Penn State Hazleton Nittany Lions,0,0.0,0,0.0,0,0.0,0,0.0,0.0
Lehigh Mountain Hawks,0,0.0,0,0.0,1,2.19,6,9.06,8.08
Northwest Indian RedHawks,0,0.0,0,0.0,0,0.0,0,0.0,0.0
Cumberland (KY) Patriots,0,0.0,0,0.0,0,0.0,0,0.0,0.0
Michigan Wolverines,0,0.0,2,33.99,2,41.82,3,33.43,35.99
Columbia Lions,0,0.0,0,0.0,2,-7.67,5,30.06,19.28
Louisville Cardinals,1,-8.9,1,28.87,1,26.41,6,38.76,30.99
Wake Forest Demon Deacons,2,-1.24,1,-14.39,2,35.04,6,20.12,15.81
Paine Lions,0,0.0,0,0.0,0,0.0,0,0.0,0.0
Cameron Aggies,0,0.0,0,0.0,0,0.0,0,0.0,0.0
Texas Longhorns,1,3.97,0,0.0,0,0.0,8,33.88,30.56
UNC Wilmington Seahawks,0,0.0,0,0.0,1,5.62,10,17.01,15.98
Dartmouth Big Green,0,0.0,0,0.0,1,19.63,5,11.46,12.82
Morgan State Bears,0,0.0,0,0.0,0,0.0,7,17.41,17.41
Hampton Pirates,0,0.0,0,0.0,0,0.0,5,24.82,24.82
Lane College Dragons,0,0.0,0,0.0,0,0.0,0,0.0,0.0
La Sierra Golden Eagles,0,0.0,0,0.0,0,0.0,0,0.0,0.0
Robert Morris Colonials,0,0.0,0,0.0,2,10.8,6,17.08,15.51
Northwest University Eagles,0,0.0,0,0.0,0,0.0,0,0.0,0.0
Northern Iowa Panthers,0,0.0,1,9.62,3,8.04,6,19.25,14.92
Penn State-Shenango Nittany Lions,0,0.0,0,0.0,0,0.0,0,0.0,0.0
Champion Christian Tigers,0,0.0,0,0.0,0,0.0,0,0.0,0.0
Saint Mary's Gaels,0,0.0,1,27.29,2,28.21,7,22.11,23.85
Lincoln University (CA) Oaklanders,0,0.0,0,0.0,0,0.0,0,0.0,0.0
Warren Wilson Owls,0,0.0,0,0.0,0,0.0,0,0.0,0.0
Stony Brook Seawolves,0,0.0,0,0.0,1,-8.86,7,10.56,8.13
Bryan (TN) Lions,0,0.0,0,0.0,0,0.0,0,0.0,0.0
TCU Horned Frogs,2,-6.55,0,0.0,1,12.85,8,20.8,15.11
Florida A&M Rattlers,0,0.0,0,0.0,1,-17.56,2,31.42,15.09
Hawai'i Hilo Vulcans,0,0.0,0,0.0,0,0.0,0,0.0,0.0
Geneva Golden Tornadoes,0,0.0,0,0.0,0,0.0,0,0.0,0.0
Tulsa Golden Hurricane,0,0.0,1,12.67,0,0.0,6,42.17,37.95
Air Force Falcons,2,-10.39,1,-15.75,2,0.94,5,7.65,0.36
Saint Louis Billikens,0,0.0,0,0.0,1,21.79,10,38.24,36.75
Saint Mary of the Woods College Pomeroys,0,0.0,0,0.0,0,0.0,0,0.0,0.0
Fisher College Eagles,0,0.0,0,0.0,0,0.0,0,0.0,0.0
Incarnate Word Cardinals,0,0.0,1,9.6,0,0.0,6,31.73,28.57
Radford Highlanders,0,0.0,0,0.0,1,-0.28,9,32.94,29.62
Loyola Marymount Lions,1,-14.17,2,0.51,2,15.99,6,29.91,18.03
Manhattan Christian Thunder,0,0.0,0,0.0,0,0.0,0,0.0,0.0
Oklahoma Christian OKLAHOMA CHRISTIAN,0,0.0,0,0.0,0,0.0,0,0.0,0.0
Dallas Christian Crusaders,0,0.0,0,0.0,0,0.0,0,0.0,0.0
Shenandoah Hornets,0,0.0,0,0.0,0,0.0,0,0.0,0.0
Le Moyne Dolphins,0,0.0,0,0.0,0,0.0,4,18.33,18.33
Centenary (NJ) Cyclones,0,0.0,0,0.0,0,0.0,0,0.0,0.0
Saint Peter's Peacocks,0,0.0,0,0.0,1,-21.72,6,11.98,7.17
Pennsylvania Quakers,0,0.0,0,0.0,1,-21.04,6,19.36,13.59
West Virginia Wesleyan Bobcats,0,0.0,0,0.0,0,0.0,0,0.0,0.0
Massachusetts-Boston Beacons,0,0.0,0,0.0,0,0.0,0,0.0,0.0
Concord Mountain Lions,0,0.0,0,0.0,0,0.0,0,0.0,0.0
Occidental Tigers,0,0.0,0,0.0,0,0.0,0,0.0,0.0
Southwestern Adventist Knights,0,0.0,0,0.0,0,0.0,0,0.0,0.0
Central Penn Knights,0,0.0,0,0.0,0,0.0,0,0.0,0.0
Northern State Wolves,0,0.0,0,0.0,0,0.0,0,0.0,0.0
Franklin Pierce Ravens,0,0.0,0,0.0,0,0.0,0,0.0,0.0
West Georgia Wolves,0,0.0,1,17.71,1,6.51,6,15.23,14.45
Howard Payne Yellow Jackets,0,0.0,0,0.0,0,0.0,0,0.0,0.0
Menlo Oaks,0,0.0,0,0.0,0,0.0,0,0.0,0.0
Vermont State - Johnson Badgers,0,0.0,0,0.0,0,0.0,0,0.0,0.0
Rhode Island Rams,0,0.0,1,-8.09,0,0.0,8,4.91,3.47
The Citadel Bulldogs,0,0.0,1,-15.07,3,7.77,4,22.21,12.14
Catawba Chiefs,0,0.0,0,0.0,0,0.0,0,0.0,0.0
Berea Mountaineers,0,0.0,0,0.0,0,0.0,0,0.0,0.0
Bryant Bulldogs,0,0.0,0,0.0,1,11.33,5,18.04,16.92
Carolina University Bruins,0,0.0,0,0.0,0,0.0,0,0.0,0.0
Fisk Bulldogs,0,0.0,0,0.0,0,0.0,0,0.0,0.0
Olivet Comets,0,0.0,0,0.0,0,0.0,0,0.0,0.0
Simpson University (CA) Red Hawks,0,0.0,0,0.0,0,0.0,0,0.0,0.0
Fort Lauderdale Eagles,0,0.0,0,0.0,0,0.0,0,0.0,0.0
Peru State Bobcats,0,0.0,0,0.0,0,0.0,0,0.0,0.0
North Central College Cardinals,0,0.0,0,0.0,0,0.0,0,0.0,0.0
Bethesda University Flames,0,0.0,0,0.0,0,0.0,0,0.0,0.0
West Virginia Mountaineers,0,0.0,0,0.0,0,0.0,10,20.2,20.2
St. Xavier  (IL) Cougars,0,0.0,0,0.0,0,0.0,0,0.0,0.0
James Madison Dukes,0,0.0,0,0.0,1,-5.24,5,14.38,11.11
Wichita State Shockers,0,0.0,0,0.0,1,33.57,8,22.52,23.74
Missouri Baptist Spartans,0,0.0,0,0.0,0,0.0,0,0.0,0.0
Coastal Georgia Mariner,0,0.0,0,0.0,0,0.0,0,0.0,0.0
City College NY Beavers,0,0.0,0,0.0,0,0.0,0,0.0,0.0
Midway University Eagles,0,0.0,0,0.0,0,0.0,0,0.0,0.0
Boyce Bulldogs,0,0.0,0,0.0,0,0.0,0,0.0,0.0
Ottawa (AZ) Spirit,0,0.0,0,0.0,0,0.0,0,0.0,0.0
SUNY-Maritime Privateers,0,0.0,0,0.0,0,0.0,0,0.0,0.0
William Carey Crusaders,0,0.0,0,0.0,0,0.0,0,0.0,0.0
Dakota State Trojans,0,0.0,0,0.0,0,0.0,0,0.0,0.0
Salish Kootenai Bison,0,0.0,0,0.0,0,0.0,0,0.0,0.0
Ohio Wesleyan Battling Bishops,0,0.0,0,0.0,0,0.0,0,0.0,0.0
Eastern Oregon Mountaineers,0,0.0,0,0.0,0,0.0,0,0.0,0.0
Merchant Marine Academy Mariners,0,0.0,0,0.0,0,0.0,0,0.0,0.0
Pittsburgh - Greensburg Bobcats,0,0.0,0,0.0,0,0.0,0,0.0,0.0
Minnesota Crookston Golden Eagles,0,0.0,0,0.0,0,0.0,0,0.0,0.0
Thomas (ME) Terriers,0,0.0,0,0.0,0,0.0,0,0.0,0.0
Haskell Jayhawks,0,0.0,0,0.0,0,0.0,0,0.0,0.0
Sarah Lawrence Gryphons,0,0.0,0,0.0,0,0.0,0,0.0,0.0
Penn State (Brandywine) Lions,0,0.0,0,0.0,0,0.0,0,0.0,0.0
Paul Quinn Tigers,0,0.0,0,0.0,0,0.0,0,0.0,0.0
Brevard Tornados,0,0.0,0,0.0,0,0.0,0,0.0,0.0
Johnson & Wales (RI) Griffins,0,0.0,0,0.0,0,0.0,0,0.0,0.0
Mount Olive Trojans,0,0.0,0,0.0,0,0.0,0,0.0,0.0
Hanover Panthers,0,0.0,0,0.0,0,0.0,0,0.0,0.0
Adrian Bulldogs,0,0.0,0,0.0,0,0.0,0,0.0,0.0
Brewton-Parker Wildcats,0,0.0,0,0.0,0,0.0,0,0.0,0.0
Southern Arkansas Muleriders,0,0.0,0,0.0,0,0.0,0,0.0,0.0
Oglethorpe Stormy Petrels,0,0.0,0,0.0,0,0.0,0,0.0,0.0
St. Mary's (MD) Seahawks,0,0.0,0,0.0,0,0.0,0,0.0,0.0
Webster Gorloks,0,0.0,0,0.0,0,0.0,0,0.0,0.0
Manor College Blue Jays,0,0.0,0,0.0,0,0.0,0,0.0,0.0
Ecclesia Royals,0,0.0,0,0.0,0,0.0,0,0.0,0.0
Notre Dame (MD) Gators,0,0.0,0,0.0,0,0.0,0,0.0,0.0
Bowling Green Falcons,1,8.9,1,-5.56,1,-12.32,6,32.93,20.95
Waynesburg Yellow Jackets,0,0.0,0,0.0,0,0.0,0,0.0,0.0
George Fox Bruins,0,0.0,0,0.0,0,0.0,0,0.0,0.0
SUNY-Oneonta Red Dragons,0,0.0,0,0.0,0,0.0,0,0.0,0.0
Milligan Buffaloes,0,0.0,0,0.0,0,0.0,0,0.0,0.0
Pensacola Christian College PENSACOLA CHRISTIAN,0,0.0,0,0.0,0,0.0,0,0.0,0.0
Paul Smith's Bobcats,0,0.0,0,0.0,0,0.0,0,0.0,0.0
Capital Crusaders,0,0.0,0,0.0,0,0.0,0,0.0,0.0
Dakota Wesleyan Tigers,0,0.0,0,0.0,0,0.0,0,0.0,0.0
Chicago State Cougars,0,0.0,0,0.0,0,0.0,4,-3.73,-3.73
Westminster (UT) Griffins,0,0.0,0,0.0,0,0.0,0,0.0,0.0
Mount Marty College Lancers,0,0.0,0,0.0,0,0.0,0,0.0,0.0
Marquette Golden Eagles,0,0.0,0,0.0,1,-20.62,9,8.6,5.68
Union (KY) Bulldogs,0,0.0,0,0.0,0,0.0,0,0.0,0.0
Huston-Tillotson Rams,0,0.0,0,0.0,0,0.0,0,0.0,0.0
East-West University Phantoms,0,0.0,0,0.0,0,0.0,0,0.0,0.0
Gwynedd-Mercy Griffins,0,0.0,0,0.0,0,0.0,0,0.0,0.0
Penn State-Behrend Lions,0,0.0,0,0.0,0,0.0,0,0.0,0.0
Hannibal-Lagrange Trojans,0,0.0,0,0.0,0,0.0,0,0.0,0.0
Regis Pride,0,0.0,0,0.0,0,0.0,0,0.0,0.0
Washington Huskies,0,0.0,2,19.69,1,7.71,4,24.81,20.91
Missouri Southern State Lions,0,0.0,0,0.0,0,0.0,0,0.0,0.0
Columbia International Rams,0,0.0,0,0.0,0,0.0,0,0.0,0.0
McMurry War Hawks,0,0.0,0,0.0,0,0.0,0,0.0,0.0
Franklin Grizzlies,0,0.0,0,0.0,0,0.0,0,0.0,0.0
Cumberland (TN) Phoenix,0,0.0,0,0.0,0,0.0,0,0.0,0.0
Benedictine University (IL) Eagles,0,0.0,0,0.0,0,0.0,0,0.0,0.0
Emerson Lions,0,0.0,0,0.0,0,0.0,0,0.0,0.0
Thiel Tomcats,0,0.0,0,0.0,0,0.0,0,0.0,0.0
Penn State-York Nittany Lions,0,0.0,0,0.0,0,0.0,0,0.0,0.0
Whittier Poets,0,0.0,0,0.0,0,0.0,0,0.0,0.0
Johnson C Smith Golden Bulls,0,0.0,0,0.0,0,0.0,0,0.0,0.0
Montana Tech Orediggers,0,0.0,0,0.0,0,0.0,0,0.0,0.0
Spurgeon College Knights,0,0.0,0,0.0,0,0.0,0,0.0,0.0
Saint Leo Monarchs,0,0.0,0,0.0,0,0.0,0,0.0,0.0
Manhattanville Valiants,0,0.0,0,0.0,0,0.0,0,0.0,0.0
Caltech CALTECH,0,0.0,0,0.0,0,0.0,0,0.0,0.0
Saint Josephs Long Island Golden Eagles,0,0.0,0,0.0,0,0.0,0,0.0,0.0
Wilson College WILSON,0,0.0,0,0.0,0,0.0,0,0.0,0.0
St. Thomas (TX) Celts,0,0.0,0,0.0,0,0.0,0,0.0,0.0
Point University Skyhawks,0,0.0,0,0.0,0,0.0,0,0.0,0.0
Rhodes Lynx,0,0.0,0,0.0,0,0.0,0,0.0,0.0
Georgian Court Lions,0,0.0,0,0.0,0,0.0,0,0.0,0.0
UC Santa Cruz Banana Slugs,0,0.0,0,0.0,0,0.0,0,0.0,0.0
Aquinas Saints,0,0.0,0,0.0,0,0.0,0,0.0,0.0
Park University Gilbert Buccaneers,0,0.0,0,0.0,0,0.0,0,0.0,0.0
Oakwood Ambassadors,0,0.0,0,0.0,0,0.0,0,0.0,0.0
St. Elizabeth Eagles,0,0.0,0,0.0,0,0.0,0,0.0,0.0
Mercy Mavericks,0,0.0,0,0.0,0,0.0,0,0.0,0.0
Hawai'i Pacific Sea Warriors,0,0.0,0,0.0,0,0.0,0,0.0,0.0
Pacific Lutheran Lutes,0,0.0,0,0.0,0,0.0,0,0.0,0.0
Kean Cougars,0,0.0,0,0.0,0,0.0,0,0.0,0.0
Calumet Crimson Wave,0,0.0,0,0.0,0,0.0,0,0.0,0.0
Cheyney (PA) Wolves,0,0.0,0,0.0,0,0.0,0,0.0,0.0
WVU Tech Golden Bears,0,0.0,0,0.0,0,0.0,0,0.0,0.0
Jessup University Warriors,0,0.0,0,0.0,0,0.0,0,0.0,0.0
Pacific Union PACIFIC UNION,0,0.0,0,0.0,0,0.0,0,0.0,0.0
Baptist (Fl) Eagles,0,0.0,0,0.0,0,0.0,0,0.0,0.0
Emmanuel (MA) Lions,0,0.0,0,0.0,0,0.0,0,0.0,0.0
Caldwell Cougars,0,0.0,0,0.0,0,0.0,0,0.0,0.0
Buena Vista Beavers,0,0.0,0,0.0,0,0.0,0,0.0,0.0
Penn St Abington Nittany Lions,0,0.0,0,0.0,0,0.0,0,0.0,0.0
Miami (OH)-Middletown ThunderHawks,0,0.0,0,0.0,0,0.0,0,0.0,0.0
Dominican (CA) Penguins,0,0.0,0,0.0,0,0.0,0,0.0,0.0
North Greenville Crusaders,0,0.0,0,0.0,0,0.0,0,0.0,0.0
Bob Jones Bruins,0,0.0,0,0.0,0,0.0,0,0.0,0.0
Ohio Christian Trailblazers,0,0.0,0,0.0,0,0.0,0,0.0,0.0
Arkansas Tech Wonder Boys,0,0.0,0,0.0,0,0.0,0,0.0,0.0
Maine-Augusta Moose,0,0.0,0,0.0,0,0.0,0,0.0,0.0
Evangel Crusaders,0,0.0,0,0.0,0,0.0,0,0.0,0.0
Houghton Highlanders,0,0.0,0,0.0,0,0.0,0,0.0,0.0
Illinois Tech Scarlet Hawks,0,0.0,0,0.0,0,0.0,0,0.0,0.0
Oakland City Mighty Oaks,0,0.0,0,0.0,0,0.0,0,0.0,0.0
North Central (MN) Rams,0,0.0,0,0.0,0,0.0,0,0.0,0.0
Indiana University East IU EAST,0,0.0,0,0.0,0,0.0,0,0.0,0.0
Life Pacific Warriors,0,0.0,0,0.0,0,0.0,0,0.0,0.0
Trinity (TX) Tigers,0,0.0,0,0.0,0,0.0,0,0.0,0.0
UC Merced Bobcats,0,0.0,0,0.0,0,0.0,0,0.0,0.0
Old Westbury Panthers,0,0.0,0,0.0,0,0.0,0,0.0,0.0
Montana-Western Bulldogs,0,0.0,0,0.0,0,0.0,0,0.0,0.0
Lawrence University Vikings,0,0.0,0,0.0,0,0.0,0,0.0,0.0
Maine-Fort Kent Bengals,0,0.0,0,0.0,0,0.0,0,0.0,0.0
Shaw Bears,0,0.0,0,0.0,0,0.0,0,0.0,0.0
Bryant Str-Alb Bobcats,0,0.0,0,0.0,0,0.0,0,0.0,0.0
Toccoa Falls Eagles,0,0.0,0,0.0,0,0.0,0,0.0,0.0
Randolph College Wildcats,0,0.0,0,0.0,0,0.0,0,0.0,0.0
John Brown Golden Eagles,0,0.0,0,0.0,0,0.0,0,0.0,0.0
Doane Tigers,0,0.0,0,0.0,0,0.0,0,0.0,0.0
St. Joseph's (NY) Bears,0,0.0,0,0.0,0,0.0,0,0.0,0.0
Mary Baldwin Fighting Squirrels,0,0.0,0,0.0,0,0.0,0,0.0,0.0
Millsaps Majors,0,0.0,0,0.0,0,0.0,0,0.0,0.0
William Peace Pacers,0,0.0,0,0.0,0,0.0,0,0.0,0.0
Regis (CO) REGIS UNIVERSITY,0,0.0,0,0.0,0,0.0,0,0.0,0.0
University of The Southwest Mustangs,0,0.0,0,0.0,0,0.0,0,0.0,0.0
Defiance Yellow Jackets,0,0.0,0,0.0,0,0.0,0,0.0,0.0
Rust Bearcats,0,0.0,0,0.0,0,0.0,0,0.0,0.0
Kansas Christian Falcons,0,0.0,0,0.0,0,0.0,0,0.0,0.0
Virginia St Trojans,0,0.0,0,0.0,0,0.0,0,0.0,0.0
Lewis & Clark Pioneers,0,0.0,0,0.0,0,0.0,0,0.0,0.0
Williams Baptist Eagles,0,0.0,0,0.0,0,0.0,0,0.0,0.0
Vermont State - Lyndon Hornets,0,0.0,0,0.0,0,0.0,0,0.0,0.0
Northeastern State RiverHawks,0,0.0,0,0.0,0,0.0,0,0.0,0.0
LeTourneau Yellow Jackets,0,0.0,0,0.0,0,0.0,0,0.0,0.0
Huntingdon College (AL) Hawks,0,0.0,0,0.0,0,0.0,0,0.0,0.0
Warner Pacific Knights,0,0.0,0,0.0,0,0.0,0,0.0,0.0
Farmingdale State Rams,0,0.0,0,0.0,0,0.0,0,0.0,0.0
Siena Heights Saints,0,0.0,0,0.0,0,0.0,0,0.0,0.0
Arlington Baptist Patriots,0,0.0,0,0.0,0,0.0,0,0.0,0.0
Cincinnati Clermont Cougars,0,0.0,0,0.0,0,0.0,0,0.0,0.0
Schreiner Mountaineers,0,0.0,0,0.0,0,0.0,0,0.0,0.0
Arcadia ARCADIA,0,0.0,0,0.0,0,0.0,0,0.0,0.0
Bethany (WV) Bison,0,0.0,0,0.0,0,0.0,0,0.0,0.0
Holy Family University Tigers,0,0.0,0,0.0,0,0.0,0,0.0,0.0
Colorado College Tigers,0,0.0,0,0.0,0,0.0,0,0.0,0.0
Blue Mountain Toppers,0,0.0,0,0.0,0,0.0,0,0.0,0.0
Widener Pride,0,0.0,0,0.0,0,0.0,0,0.0,0.0
Wilmington (DE) Wildcats,0,0.0,0,0.0,0,0.0,0,0.0,0.0
Redlands Bulldogs,0,0.0,0,0.0,0,0.0,0,0.0,0.0
Tusculum Pioneers,0,0.0,0,0.0,0,0.0,0,0.0,0.0
Mississippi University For Women Owls,0,0.0,0,0.0,0,0.0,0,0.0,0.0
Northwood (MI) Timberwolves,0,0.0,0,0.0,0,0.0,0,0.0,0.0
Apprentice School Builders,0,0.0,0,0.0,0,0.0,0,0.0,0.0
Southern Virginia Knights,0,0.0,0,0.0,0,0.0,0,0.0,0.0
La Verne Leopards,0,0.0,0,0.0,0,0.0,0,0.0,0.0
St. Ambrose Fighting Bees,0,0.0,0,0.0,0,0.0,0,0.0,0.0
Fort Valley State Wildcats,0,0.0,0,0.0,0,0.0,0,0.0,0.0
District Of Columbia Firebirds,0,0.0,0,0.0,0,0.0,0,0.0,0.0
Lyon Scots,0,0.0,0,0.0,0,0.0,0,0.0,0.0
Morris College Hornets,0,0.0,0,0.0,0,0.0,0,0.0,0.0
LaGrange Panthers,0,0.0,0,0.0,0,0.0,0,0.0,0.0
Simpson College (IA) Storm,0,0.0,0,0.0,0,0.0,0,0.0,0.0
Molloy Lions,0,0.0,0,0.0,0,0.0,0,0.0,0.0
Voorhees Tigers,0,0.0,0,0.0,0,0.0,0,0.0,0.0
Southern-New Orleans Knights,0,0.0,0,0.0,0,0.0,0,0.0,0.0
Washington and Lee Generals,0,0.0,0,0.0,0,0.0,0,0.0,0.0
Elizabeth City State Vikings,0,0.0,0,0.0,0,0.0,0,0.0,0.0
Whitman Missionaries,0,0.0,0,0.0,0,0.0,0,0.0,0.0
Coe Kohawks,0,0.0,0,0.0,0,0.0,0,0.0,0.0
Florida National Conquistadors,0,0.0,0,0.0,0,0.0,0,0.0,0.0
Rockford Regents,0,0.0,0,0.0,0,0.0,0,0.0,0.0
Ozark Christian Ambassadors,0,0.0,0,0.0,0,0.0,0,0.0,0.0
Alaska Anchorage Seawolves,0,0.0,0,0.0,0,0.0,0,0.0,0.0
Holy Cross College (IN) Saints,0,0.0,0,0.0,0,0.0,0,0.0,0.0
Marywood Pacers,0,0.0,0,0.0,0,0.0,0,0.0,0.0
Worcester State Lancers,0,0.0,0,0.0,0,0.0,0,0.0,0.0
Western New England Golden Bears,0,0.0,0,0.0,0,0.0,0,0.0,0.0
Colorado-Colorado Springs Mountain Lions,0,0.0,0,0.0,0,0.0,0,0.0,0.0
Elms College Blazers,0,0.0,0,0.0,0,0.0,0,0.0,0.0
Florida Memorial FLORIDA MEMORIAL,0,0.0,0,0.0,0,0.0,0,0.0,0.0
Lourdes University Gray Wolves,0,0.0,0,0.0,0,0.0,0,0.0,0.0
Penn State-New Kensington Lions,0,0.0,0,0.0,0,0.0,0,0.0,0.0
Brandeis Judges,0,0.0,0,0.0,0,0.0,0,0.0,0.0
Roberts Wesleyan Redhawks,0,0.0,0,0.0,0,0.0,0,0.0,0.0
Lancasater Bible College Chargers,0,0.0,0,0.0,0,0.0,0,0.0,0.0
Georgia College Bobcats,0,0.0,0,0.0,0,0.0,0,0.0,0.0
Fresno Pacific Sunbirds,0,0.0,0,0.0,0,0.0,0,0.0,0.0
Centenary (LA) Gentlemen,0,0.0,0,0.0,0,0.0,0,0.0,0.0
Christendom Crusaders,0,0.0,0,0.0,0,0.0,0,0.0,0.0
Concordia-Nebraska Clippers,0,0.0,0,0.0,0,0.0,0,0.0,0.0
Midwestern State Mustangs,0,0.0,0,0.0,0,0.0,0,0.0,0.0
UNT Dallas Trailblazers,0,0.0,0,0.0,0,0.0,0,0.0,0.0
Dickinson (PA) Red Devils,0,0.0,0,0.0,0,0.0,0,0.0,0.0
New College (FL) Mighty Banyans,0,0.0,0,0.0,0,0.0,0,0.0,0.0
Benedictine (AZ) Redhawks,0,0.0,0,0.0,0,0.0,0,0.0,0.0
Trinity College of Jacksonville Eagles,0,0.0,0,0.0,0,0.0,0,0.0,0.0
Jamestown Jimmies,0,0.0,0,0.0,0,0.0,0,0.0,0.0
Earlham College Quakers,0,0.0,0,0.0,0,0.0,0,0.0,0.0
Rowan Profs,0,0.0,0,0.0,0,0.0,0,0.0,0.0
Rivier Raiders,0,0.0,0,0.0,0,0.0,0,0.0,0.0
IU Columbus Crimson Pride,0,0.0,0,0.0,0,0.0,0,0.0,0.0
Alfred State Pioneers,0,0.0,0,0.0,0,0.0,0,0.0,0.0
Dallas Crusaders,0,0.0,0,0.0,0,0.0,0,0.0,0.0
Bluefield University Ramblin' Rams,0,0.0,0,0.0,0,0.0,0,0.0,0.0
Curry College Colonels,0,0.0,0,0.0,0,0.0,0,0.0,0.0
Brescia Bearcats,0,0.0,0,0.0,0,0.0,0,0.0,0.0
Washington College (MD) Shoremen,0,0.0,0,0.0,0,0.0,0,0.0,0.0
Eastern University (PA) Eagles,0,0.0,0,0.0,0,0.0,0,0.0,0.0
Clinton College Golden Bears,0,0.0,0,0.0,0,0.0,0,0.0,0.0
Our Lady Of The Lake Saints,0,0.0,0,0.0,0,0.0,0,0.0,0.0
Ripon Red Hawks,0,0.0,0,0.0,0,0.0,0,0.0,0.0
Johnson & Wales (NC) JOHNSON & WALES-CHARLOTTE,0,0.0,0,0.0,0,0.0,0,0.0,0.0
Mount Saint Mary (NY) Knights,0,0.0,0,0.0,0,0.0,0,0.0,0.0
Franciscan University Barons,0,0.0,0,0.0,0,0.0,0,0.0,0.0
Mansfield Mountaineers,0,0.0,0,0.0,0,0.0,0,0.0,0.0
Vassar Brewers,0,0.0,0,0.0,0,0.0,0,0.0,0.0
Bloomfield Deacons,0,0.0,0,0.0,0,0.0,0,0.0,0.0
Willamette Bearcats,0,0.0,0,0.0,0,0.0,0,0.0,0.0
Mid-America Christian Evangels,0,0.0,0,0.0,0,0.0,0,0.0,0.0
Northern New Mexico Eagles,0,0.0,0,0.0,0,0.0,0,0.0,0.0
Mitchell College Mariners,0,0.0,0,0.0,0,0.0,0,0.0,0.0
Angelo State Rams,0,0.0,0,0.0,0,0.0,0,0.0,0.0
SUNY Cobleskill Fighting Tigers,0,0.0,0,0.0,0,0.0,0,0.0,0.0
SUNY Delhi Broncos,0,0.0,0,0.0,0,0.0,0,0.0,0.0
McPherson Mcpherson,0,0.0,0,0.0,0,0.0,0,0.0,0.0
Erskine Flying Fleet,0,0.0,0,0.0,0,0.0,0,0.0,0.0
St. Scholastica Saints,0,0.0,0,0.0,0,0.0,0,0.0,0.0
John Jay College Bloodhounds,0,0.0,0,0.0,0,0.0,0,0.0,0.0
Humboldt State Lumberjacks,0,0.0,0,0.0,0,0.0,0,0.0,0.0
Plattsburgh St Cardinals,0,0.0,0,0.0,0,0.0,0,0.0,0.0
Allegheny Gators,0,0.0,0,0.0,0,0.0,0,0.0,0.0
Miami (OH)-Hamilton Harriers,0,0.0,0,0.0,0,0.0,0,0.0,0.0
St. Francis (IL) Fighting Saints,0,0.0,0,0.0,0,0.0,0,0.0,0.0
Bloomsburg Huskies,0,0.0,0,0.0,0,0.0,0,0.0,0.0
Western New Mexico Mustangs,0,0.0,0,0.0,0,0.0,0,0.0,0.0
York College Nebraska Panthers,0,0.0,0,0.0,0,0.0,0,0.0,0.0
Converse University Valkyries,0,0.0,0,0.0,0,0.0,0,0.0,0.0
Mobile Rams,0,0.0,0,0.0,0,0.0,0,0.0,0.0
Alice Lloyd College Eagles,0,0.0,0,0.0,0,0.0,0,0.0,0.0
Albany St (GA) Golden Rams,0,0.0,0,0.0,0,0.0,0,0.0,0.0
Principia College PRINCIPIA,0,0.0,0,0.0,0,0.0,0,0.0,0.0
Tiffin Dragons,0,0.0,0,0.0,0,0.0,0,0.0,0.0
Lehman College Bridges,0,0.0,0,0.0,0,0.0,0,0.0,0.0
Valley Forge Patriots,0,0.0,0,0.0,0,0.0,0,0.0,0.0
McKendree Bearcats,0,0.0,0,0.0,0,0.0,0,0.0,0.0
Louisiana Christian Wildcats,0,0.0,0,0.0,0,0.0,0,0.0,0.0
Science & Arts (OK) Drovers,0,0.0,0,0.0,0,0.0,0,0.0,0.0
Rutgers-Camden Scarlet Raptors,0,0.0,0,0.0,0,0.0,0,0.0,0.0
Christian Brothers Buccaneers,0,0.0,0,0.0,0,0.0,0,0.0,0.0
